asset_id,display_name,category,subcategory,file_path,format,source,source_asset_id,source_url,source_page,semantic_tags,style_tags,replacement_group,color_profile,pa_style_score,safe_for_external,license_status,html_usage,notes
gen.icon_pressure,压力负荷,01_图标_icon,人群画像,01_图标_icon/人群画像/pa_icon_pressure.svg,svg,generated_pingan_component,,,,压力负荷|平安橙|HTML组件,平安橙适配|单色线性|白底友好,audience.pressure,"{""palette"": [""#f05a22"", ""#fff1e8"", ""#ffffff""]}",5,True,self_generated,default_candidate,自绘SVG组件，可直接用于HTML材料。
iconfont.13638706,压力负荷-压力,01_图标_icon,人群画像,01_图标_icon/人群画像/iconfont_audience_pressure_13638706_压力.svg,svg,iconfont_public_search,13638706,https://www.iconfont.cn/search/index?searchType=icon&q=压力,,压力负荷|压力|压力,单色线性|currentColor可控|平安橙可适配,audience.pressure,"{""palette"": [""currentColor""], ""fills"": 1}",4,False,needs_review_iconfont,candidate_after_license_review,iconfont公开搜索结果，已筛为单色SVG；外发前需复核授权。
iconfont.25716464,压力负荷-压力,01_图标_icon,人群画像,01_图标_icon/人群画像/iconfont_audience_pressure_25716464_压力.svg,svg,iconfont_public_search,25716464,https://www.iconfont.cn/search/index?searchType=icon&q=压力,,压力负荷|压力|压力,单色线性|currentColor可控|平安橙可适配,audience.pressure,"{""palette"": [""currentColor""], ""fills"": 1}",4,False,needs_review_iconfont,candidate_after_license_review,iconfont公开搜索结果，已筛为单色SVG；外发前需复核授权。
gen.icon_wine_glass,久坐应酬,01_图标_icon,人群画像,01_图标_icon/人群画像/pa_icon_wine_glass.svg,svg,generated_pingan_component,,,,久坐应酬|平安橙|HTML组件,平安橙适配|单色线性|白底友好,audience.social_dining,"{""palette"": [""#f05a22"", ""#fff1e8"", ""#ffffff""]}",5,True,self_generated,default_candidate,自绘SVG组件，可直接用于HTML材料。
iconfont.26302605,应酬饮酒-酒杯,01_图标_icon,人群画像,01_图标_icon/人群画像/iconfont_audience_social_dining_26302605_酒杯.svg,svg,iconfont_public_search,26302605,https://www.iconfont.cn/search/index?searchType=icon&q=酒杯,,应酬饮酒|酒杯|酒杯,单色线性|currentColor可控|平安橙可适配,audience.social_dining,"{""palette"": [""currentColor""], ""fills"": 1}",4,False,needs_review_iconfont,candidate_after_license_review,iconfont公开搜索结果，已筛为单色SVG；外发前需复核授权。
iconfont.5058344,应酬饮酒-酒杯,01_图标_icon,人群画像,01_图标_icon/人群画像/iconfont_audience_social_dining_5058344_酒杯.svg,svg,iconfont_public_search,5058344,https://www.iconfont.cn/search/index?searchType=icon&q=酒杯,,应酬饮酒|酒杯|酒杯,单色线性|currentColor可控|平安橙可适配,audience.social_dining,"{""palette"": [""currentColor""], ""fills"": 1}",4,False,needs_review_iconfont,candidate_after_license_review,iconfont公开搜索结果，已筛为单色SVG；外发前需复核授权。
gen.icon_travel_plane,高频出差,01_图标_icon,人群画像,01_图标_icon/人群画像/pa_icon_travel_plane.svg,svg,generated_pingan_component,,,,高频出差|平安橙|HTML组件,平安橙适配|单色线性|白底友好,audience.travel,"{""palette"": [""#f05a22"", ""#fff1e8"", ""#ffffff""]}",5,True,self_generated,default_candidate,自绘SVG组件，可直接用于HTML材料。
iconfont.658012,高频出差-飞机,01_图标_icon,人群画像,01_图标_icon/人群画像/iconfont_audience_travel_658012_飞机.svg,svg,iconfont_public_search,658012,https://www.iconfont.cn/search/index?searchType=icon&q=飞机,,高频出差|飞机|飞机,单色线性|currentColor可控|平安橙可适配,audience.travel,"{""palette"": [""currentColor""], ""fills"": 1}",4,False,needs_review_iconfont,candidate_after_license_review,iconfont公开搜索结果，已筛为单色SVG；外发前需复核授权。
iconfont.990,高频出差-旅行,01_图标_icon,人群画像,01_图标_icon/人群画像/iconfont_audience_travel_990_旅行.svg,svg,iconfont_public_search,990,https://www.iconfont.cn/search/index?searchType=icon&q=飞机,,"高频出差|飞机|飞机,机票",单色线性|currentColor可控|平安橙可适配,audience.travel,"{""palette"": [""currentColor""], ""fills"": 1}",4,False,needs_review_iconfont,candidate_after_license_review,iconfont公开搜索结果，已筛为单色SVG；外发前需复核授权。
iconfont.10056205,血压管理-血压,01_图标_icon,医疗检测,01_图标_icon/医疗检测/iconfont_service_blood_pressure_10056205_血压.svg,svg,iconfont_public_search,10056205,https://www.iconfont.cn/search/index?searchType=icon&q=血压,,血压管理|血压|血压,单色线性|currentColor可控|平安橙可适配,service.blood_pressure,"{""palette"": [""currentColor""], ""fills"": 1}",4,False,needs_review_iconfont,candidate_after_license_review,iconfont公开搜索结果，已筛为单色SVG；外发前需复核授权。
iconfont.765557,血压管理-血压,01_图标_icon,医疗检测,01_图标_icon/医疗检测/iconfont_service_blood_pressure_765557_血压.svg,svg,iconfont_public_search,765557,https://www.iconfont.cn/search/index?searchType=icon&q=血压,,"血压管理|血压|血压,温度,压力",单色线性|currentColor可控|平安橙可适配,service.blood_pressure,"{""palette"": [""currentColor""], ""fills"": 1}",4,False,needs_review_iconfont,candidate_after_license_review,iconfont公开搜索结果，已筛为单色SVG；外发前需复核授权。
gen.icon_heart_pulse,心脑血管,01_图标_icon,医疗检测,01_图标_icon/医疗检测/pa_icon_heart_pulse.svg,svg,generated_pingan_component,,,,心脑血管|平安橙|HTML组件,平安橙适配|单色线性|白底友好,service.cardio,"{""palette"": [""#f05a22"", ""#fff1e8"", ""#ffffff""]}",5,True,self_generated,default_candidate,自绘SVG组件，可直接用于HTML材料。
gen.icon_checkup_scan,体检筛查,01_图标_icon,医疗检测,01_图标_icon/医疗检测/pa_icon_checkup_scan.svg,svg,generated_pingan_component,,,,体检筛查|平安橙|HTML组件,平安橙适配|单色线性|白底友好,service.checkup,"{""palette"": [""#f05a22"", ""#fff1e8"", ""#ffffff""]}",5,True,self_generated,default_candidate,自绘SVG组件，可直接用于HTML材料。
iconfont.5961315,体检筛查-人体检测,01_图标_icon,医疗检测,01_图标_icon/医疗检测/iconfont_service_checkup_5961315_人体检测.svg,svg,iconfont_public_search,5961315,https://www.iconfont.cn/search/index?searchType=icon&q=体检,,"体检筛查|体检|人体检测,人,走路,动作,捕捉",单色线性|currentColor可控|平安橙可适配,service.checkup,"{""palette"": [""currentColor""], ""fills"": 1}",4,False,needs_review_iconfont,candidate_after_license_review,iconfont公开搜索结果，已筛为单色SVG；外发前需复核授权。
iconfont.8288892,体检筛查-体检,01_图标_icon,医疗检测,01_图标_icon/医疗检测/iconfont_service_checkup_8288892_体检.svg,svg,iconfont_public_search,8288892,https://www.iconfont.cn/search/index?searchType=icon&q=体检,,体检筛查|体检|体检,单色线性|currentColor可控|平安橙可适配,service.checkup,"{""palette"": [""currentColor""], ""fills"": 1}",4,False,needs_review_iconfont,candidate_after_license_review,iconfont公开搜索结果，已筛为单色SVG；外发前需复核授权。
iconfont.42230802,心电心脏-pulse-line,01_图标_icon,医疗检测,01_图标_icon/医疗检测/iconfont_service_heart_42230802_pulse-line.svg,svg,iconfont_public_search,42230802,https://www.iconfont.cn/search/index?searchType=icon&q=心电,,"心电心脏|心电|心跳,心电图",单色线性|currentColor可控|平安橙可适配,service.heart,"{""palette"": [""currentColor""], ""fills"": 1}",4,False,needs_review_iconfont,candidate_after_license_review,iconfont公开搜索结果，已筛为单色SVG；外发前需复核授权。
iconfont.643279,心电心脏-心电,01_图标_icon,医疗检测,01_图标_icon/医疗检测/iconfont_service_heart_643279_心电.svg,svg,iconfont_public_search,643279,https://www.iconfont.cn/search/index?searchType=icon&q=心电,,心电心脏|心电|心电,单色线性|currentColor可控|平安橙可适配,service.heart,"{""palette"": [""currentColor""], ""fills"": 1}",4,False,needs_review_iconfont,candidate_after_license_review,iconfont公开搜索结果，已筛为单色SVG；外发前需复核授权。
gen.icon_hospital_bed,住院床位,01_图标_icon,服务能力,01_图标_icon/服务能力/pa_icon_hospital_bed.svg,svg,generated_pingan_component,,,,住院床位|平安橙|HTML组件,平安橙适配|单色线性|白底友好,medical.bed,"{""palette"": [""#f05a22"", ""#fff1e8"", ""#ffffff""]}",5,True,self_generated,default_candidate,自绘SVG组件，可直接用于HTML材料。
iconfont.4942304,住院床位-病床,01_图标_icon,服务能力,01_图标_icon/服务能力/iconfont_medical_bed_4942304_病床.svg,svg,iconfont_public_search,4942304,https://www.iconfont.cn/search/index?searchType=icon&q=病床,,"住院床位|病床|病床,床",单色线性|currentColor可控|平安橙可适配,medical.bed,"{""palette"": [""currentColor""], ""fills"": 1}",4,False,needs_review_iconfont,candidate_after_license_review,iconfont公开搜索结果，已筛为单色SVG；外发前需复核授权。
iconfont.8223399,住院床位-病床,01_图标_icon,服务能力,01_图标_icon/服务能力/iconfont_medical_bed_8223399_病床.svg,svg,iconfont_public_search,8223399,https://www.iconfont.cn/search/index?searchType=icon&q=病床,,住院床位|病床|病床,单色线性|currentColor可控|平安橙可适配,medical.bed,"{""palette"": [""currentColor""], ""fills"": 1}",4,False,needs_review_iconfont,candidate_after_license_review,iconfont公开搜索结果，已筛为单色SVG；外发前需复核授权。
gen.icon_companion,陪诊服务,01_图标_icon,服务能力,01_图标_icon/服务能力/pa_icon_companion.svg,svg,generated_pingan_component,,,,陪诊服务|平安橙|HTML组件,平安橙适配|单色线性|白底友好,medical.companion,"{""palette"": [""#f05a22"", ""#fff1e8"", ""#ffffff""]}",5,True,self_generated,default_candidate,自绘SVG组件，可直接用于HTML材料。
iconfont.14233212,陪诊服务-陪诊 ,01_图标_icon,服务能力,01_图标_icon/服务能力/iconfont_medical_companion_14233212_陪诊.svg,svg,iconfont_public_search,14233212,https://www.iconfont.cn/search/index?searchType=icon&q=陪诊,,"陪诊服务|陪诊|陪诊 (2),填充,扁平",单色线性|currentColor可控|平安橙可适配,medical.companion,"{""palette"": [""currentColor""], ""fills"": 1}",4,False,needs_review_iconfont,candidate_after_license_review,iconfont公开搜索结果，已筛为单色SVG；外发前需复核授权。
iconfont.5082611,陪诊服务-陪诊 我的陪诊#ff5988,01_图标_icon,服务能力,01_图标_icon/服务能力/iconfont_medical_companion_5082611_陪诊_我的陪诊_ff5988.svg,svg,iconfont_public_search,5082611,https://www.iconfont.cn/search/index?searchType=icon&q=陪诊,,陪诊服务|陪诊|陪诊 我的陪诊,单色线性|currentColor可控|平安橙可适配,medical.companion,"{""palette"": [""currentColor""], ""fills"": 1}",4,False,needs_review_iconfont,candidate_after_license_review,iconfont公开搜索结果，已筛为单色SVG；外发前需复核授权。
gen.icon_doctor_service,医生服务,01_图标_icon,服务能力,01_图标_icon/服务能力/pa_icon_doctor_service.svg,svg,generated_pingan_component,,,,医生服务|平安橙|HTML组件,平安橙适配|单色线性|白底友好,medical.doctor,"{""palette"": [""#f05a22"", ""#fff1e8"", ""#ffffff""]}",5,True,self_generated,default_candidate,自绘SVG组件，可直接用于HTML材料。
iconfont.10268608,医生服务-医生&医生介绍,01_图标_icon,服务能力,01_图标_icon/服务能力/iconfont_medical_doctor_10268608_医生_医生介绍.svg,svg,iconfont_public_search,10268608,https://www.iconfont.cn/search/index?searchType=icon&q=医生,,医生服务|医生|医生&医生介绍,单色线性|currentColor可控|平安橙可适配,medical.doctor,"{""palette"": [""currentColor""], ""fills"": 1}",4,False,needs_review_iconfont,candidate_after_license_review,iconfont公开搜索结果，已筛为单色SVG；外发前需复核授权。
iconfont.765377,医生服务-医生,01_图标_icon,服务能力,01_图标_icon/服务能力/iconfont_medical_doctor_765377_医生.svg,svg,iconfont_public_search,765377,https://www.iconfont.cn/search/index?searchType=icon&q=医生,,"医生服务|医生|医生,护理",单色线性|currentColor可控|平安橙可适配,medical.doctor,"{""palette"": [""currentColor""], ""fills"": 1}",4,False,needs_review_iconfont,candidate_after_license_review,iconfont公开搜索结果，已筛为单色SVG；外发前需复核授权。
gen.icon_hospital,医院资源,01_图标_icon,服务能力,01_图标_icon/服务能力/pa_icon_hospital.svg,svg,generated_pingan_component,,,,医院资源|平安橙|HTML组件,平安橙适配|单色线性|白底友好,medical.hospital,"{""palette"": [""#f05a22"", ""#fff1e8"", ""#ffffff""]}",5,True,self_generated,default_candidate,自绘SVG组件，可直接用于HTML材料。
iconfont.145457,医院资源-医院,01_图标_icon,服务能力,01_图标_icon/服务能力/iconfont_medical_hospital_145457_医院.svg,svg,iconfont_public_search,145457,https://www.iconfont.cn/search/index?searchType=icon&q=医院,,医院资源|医院|医院,单色线性|currentColor可控|平安橙可适配,medical.hospital,"{""palette"": [""currentColor""], ""fills"": 1}",4,False,needs_review_iconfont,candidate_after_license_review,iconfont公开搜索结果，已筛为单色SVG；外发前需复核授权。
iconfont.145740,医院资源-医院_填充,01_图标_icon,服务能力,01_图标_icon/服务能力/iconfont_medical_hospital_145740_医院_填充.svg,svg,iconfont_public_search,145740,https://www.iconfont.cn/search/index?searchType=icon&q=医院,,医院资源|医院|医院_填充,单色线性|currentColor可控|平安橙可适配,medical.hospital,"{""palette"": [""currentColor""], ""fills"": 1}",4,False,needs_review_iconfont,candidate_after_license_review,iconfont公开搜索结果，已筛为单色SVG；外发前需复核授权。
gen.icon_surgery,手术协助,01_图标_icon,服务能力,01_图标_icon/服务能力/pa_icon_surgery.svg,svg,generated_pingan_component,,,,手术协助|平安橙|HTML组件,平安橙适配|单色线性|白底友好,medical.surgery,"{""palette"": [""#f05a22"", ""#fff1e8"", ""#ffffff""]}",5,True,self_generated,default_candidate,自绘SVG组件，可直接用于HTML材料。
iconfont.10056238,手术协助-手术,01_图标_icon,服务能力,01_图标_icon/服务能力/iconfont_medical_surgery_10056238_手术.svg,svg,iconfont_public_search,10056238,https://www.iconfont.cn/search/index?searchType=icon&q=手术,,手术协助|手术|手术,单色线性|currentColor可控|平安橙可适配,medical.surgery,"{""palette"": [""currentColor""], ""fills"": 1}",4,False,needs_review_iconfont,candidate_after_license_review,iconfont公开搜索结果，已筛为单色SVG；外发前需复核授权。
iconfont.786200,手术协助-外科,01_图标_icon,服务能力,01_图标_icon/服务能力/iconfont_medical_surgery_786200_外科.svg,svg,iconfont_public_search,786200,https://www.iconfont.cn/search/index?searchType=icon&q=手术,,"手术协助|手术|外科,手术",单色线性|currentColor可控|平安橙可适配,medical.surgery,"{""palette"": [""currentColor""], ""fills"": 1}",4,False,needs_review_iconfont,candidate_after_license_review,iconfont公开搜索结果，已筛为单色SVG；外发前需复核授权。
gen.icon_shield_cross,免疫防护,01_图标_icon,服务能力,01_图标_icon/服务能力/pa_icon_shield_cross.svg,svg,generated_pingan_component,,,,免疫防护|平安橙|HTML组件,平安橙适配|单色线性|白底友好,service.immunity,"{""palette"": [""#f05a22"", ""#fff1e8"", ""#ffffff""]}",5,True,self_generated,default_candidate,自绘SVG组件，可直接用于HTML材料。
iconfont.10056191,注射接种-注射器,01_图标_icon,服务能力,01_图标_icon/服务能力/iconfont_service_injection_10056191_注射器.svg,svg,iconfont_public_search,10056191,https://www.iconfont.cn/search/index?searchType=icon&q=注射,,注射接种|注射|注射器,单色线性|currentColor可控|平安橙可适配,service.injection,"{""palette"": [""currentColor""], ""fills"": 1}",4,False,needs_review_iconfont,candidate_after_license_review,iconfont公开搜索结果，已筛为单色SVG；外发前需复核授权。
iconfont.3920061,注射接种-注射器,01_图标_icon,服务能力,01_图标_icon/服务能力/iconfont_service_injection_3920061_注射器.svg,svg,iconfont_public_search,3920061,https://www.iconfont.cn/search/index?searchType=icon&q=注射,,注射接种|注射|注射器,单色线性|currentColor可控|平安橙可适配,service.injection,"{""palette"": [""currentColor""], ""fills"": 1}",4,False,needs_review_iconfont,candidate_after_license_review,iconfont公开搜索结果，已筛为单色SVG；外发前需复核授权。
gen.icon_nutrition_bowl,营养管理,01_图标_icon,服务能力,01_图标_icon/服务能力/pa_icon_nutrition_bowl.svg,svg,generated_pingan_component,,,,营养管理|平安橙|HTML组件,平安橙适配|单色线性|白底友好,service.nutrition,"{""palette"": [""#f05a22"", ""#fff1e8"", ""#ffffff""]}",5,True,self_generated,default_candidate,自绘SVG组件，可直接用于HTML材料。
iconfont.1071062,营养管理-营养说2,01_图标_icon,服务能力,01_图标_icon/服务能力/iconfont_service_nutrition_1071062_营养说2.svg,svg,iconfont_public_search,1071062,https://www.iconfont.cn/search/index?searchType=icon&q=营养,,营养管理|营养|营养说2,单色线性|currentColor可控|平安橙可适配,service.nutrition,"{""palette"": [""currentColor""], ""fills"": 1}",4,False,needs_review_iconfont,candidate_after_license_review,iconfont公开搜索结果，已筛为单色SVG；外发前需复核授权。
iconfont.16275271,营养管理-营养咨询师,01_图标_icon,服务能力,01_图标_icon/服务能力/iconfont_service_nutrition_16275271_营养咨询师.svg,svg,iconfont_public_search,16275271,https://www.iconfont.cn/search/index?searchType=icon&q=营养,,"营养管理|营养|营养咨询师,线性,手绘,单色,营养师,营养咨询",单色线性|currentColor可控|平安橙可适配,service.nutrition,"{""palette"": [""currentColor""], ""fills"": 1}",4,False,needs_review_iconfont,candidate_after_license_review,iconfont公开搜索结果，已筛为单色SVG；外发前需复核授权。
gen.icon_sleep_moon,睡眠管理,01_图标_icon,服务能力,01_图标_icon/服务能力/pa_icon_sleep_moon.svg,svg,generated_pingan_component,,,,睡眠管理|平安橙|HTML组件,平安橙适配|单色线性|白底友好,service.sleep,"{""palette"": [""#f05a22"", ""#fff1e8"", ""#ffffff""]}",5,True,self_generated,default_candidate,自绘SVG组件，可直接用于HTML材料。
iconfont.4408993,睡眠管理-睡眠,01_图标_icon,服务能力,01_图标_icon/服务能力/iconfont_service_sleep_4408993_睡眠.svg,svg,iconfont_public_search,4408993,https://www.iconfont.cn/search/index?searchType=icon&q=睡眠,,睡眠管理|睡眠|睡眠,单色线性|currentColor可控|平安橙可适配,service.sleep,"{""palette"": [""currentColor""], ""fills"": 1}",4,False,needs_review_iconfont,candidate_after_license_review,iconfont公开搜索结果，已筛为单色SVG；外发前需复核授权。
iconfont.988847,睡眠管理-睡眠,01_图标_icon,服务能力,01_图标_icon/服务能力/iconfont_service_sleep_988847_睡眠.svg,svg,iconfont_public_search,988847,https://www.iconfont.cn/search/index?searchType=icon&q=睡眠,,睡眠管理|睡眠|睡眠,单色线性|currentColor可控|平安橙可适配,service.sleep,"{""palette"": [""currentColor""], ""fills"": 1}",4,False,needs_review_iconfont,candidate_after_license_review,iconfont公开搜索结果，已筛为单色SVG；外发前需复核授权。
gen.icon_vaccine_syringe,疫苗接种,01_图标_icon,服务能力,01_图标_icon/服务能力/pa_icon_vaccine_syringe.svg,svg,generated_pingan_component,,,,疫苗接种|平安橙|HTML组件,平安橙适配|单色线性|白底友好,service.vaccine,"{""palette"": [""#f05a22"", ""#fff1e8"", ""#ffffff""]}",5,True,self_generated,default_candidate,自绘SVG组件，可直接用于HTML材料。
iconfont.765796,疫苗防护-疫苗,01_图标_icon,服务能力,01_图标_icon/服务能力/iconfont_service_vaccine_765796_疫苗.svg,svg,iconfont_public_search,765796,https://www.iconfont.cn/search/index?searchType=icon&q=疫苗,,"疫苗防护|疫苗|疫苗,打针",单色线性|currentColor可控|平安橙可适配,service.vaccine,"{""palette"": [""currentColor""], ""fills"": 1}",4,False,needs_review_iconfont,candidate_after_license_review,iconfont公开搜索结果，已筛为单色SVG；外发前需复核授权。
iconfont.7693982,疫苗防护-疫苗,01_图标_icon,服务能力,01_图标_icon/服务能力/iconfont_service_vaccine_7693982_疫苗.svg,svg,iconfont_public_search,7693982,https://www.iconfont.cn/search/index?searchType=icon&q=疫苗,,疫苗防护|疫苗|疫苗,单色线性|currentColor可控|平安橙可适配,service.vaccine,"{""palette"": [""currentColor""], ""fills"": 1}",4,False,needs_review_iconfont,candidate_after_license_review,iconfont公开搜索结果，已筛为单色SVG；外发前需复核授权。
gen.icon_followup_calendar,随访跟踪,01_图标_icon,流程节点,01_图标_icon/流程节点/pa_icon_followup_calendar.svg,svg,generated_pingan_component,,,,随访跟踪|平安橙|HTML组件,平安橙适配|单色线性|白底友好,flow.followup,"{""palette"": [""#f05a22"", ""#fff1e8"", ""#ffffff""]}",5,True,self_generated,default_candidate,自绘SVG组件，可直接用于HTML材料。
iconfont.10885287,随访跟踪-随访,01_图标_icon,流程节点,01_图标_icon/流程节点/iconfont_flow_followup_10885287_随访.svg,svg,iconfont_public_search,10885287,https://www.iconfont.cn/search/index?searchType=icon&q=随访,,随访跟踪|随访|随访,单色线性|currentColor可控|平安橙可适配,flow.followup,"{""palette"": [""currentColor""], ""fills"": 1}",4,False,needs_review_iconfont,candidate_after_license_review,iconfont公开搜索结果，已筛为单色SVG；外发前需复核授权。
iconfont.16921561,随访跟踪-随访,01_图标_icon,流程节点,01_图标_icon/流程节点/iconfont_flow_followup_16921561_随访.svg,svg,iconfont_public_search,16921561,https://www.iconfont.cn/search/index?searchType=icon&q=随访,,随访跟踪|随访|随访,单色线性|currentColor可控|平安橙可适配,flow.followup,"{""palette"": [""currentColor""], ""fills"": 1}",4,False,needs_review_iconfont,candidate_after_license_review,iconfont公开搜索结果，已筛为单色SVG；外发前需复核授权。
gen.icon_health_record,健康档案,01_图标_icon,流程节点,01_图标_icon/流程节点/pa_icon_health_record.svg,svg,generated_pingan_component,,,,健康档案|平安橙|HTML组件,平安橙适配|单色线性|白底友好,service.health_record,"{""palette"": [""#f05a22"", ""#fff1e8"", ""#ffffff""]}",5,True,self_generated,default_candidate,自绘SVG组件，可直接用于HTML材料。
iconfont.10268557,健康档案-健康档案,01_图标_icon,流程节点,01_图标_icon/流程节点/iconfont_service_health_record_10268557_健康档案.svg,svg,iconfont_public_search,10268557,https://www.iconfont.cn/search/index?searchType=icon&q=健康档案,,健康档案|健康档案|健康档案,单色线性|currentColor可控|平安橙可适配,service.health_record,"{""palette"": [""currentColor""], ""fills"": 1}",4,False,needs_review_iconfont,candidate_after_license_review,iconfont公开搜索结果，已筛为单色SVG；外发前需复核授权。
iconfont.31359592,健康档案-健康档案,01_图标_icon,流程节点,01_图标_icon/流程节点/iconfont_service_health_record_31359592_健康档案.svg,svg,iconfont_public_search,31359592,https://www.iconfont.cn/search/index?searchType=icon&q=健康档案,,"健康档案|健康档案|健康档案,简约,线性",单色线性|currentColor可控|平安橙可适配,service.health_record,"{""palette"": [""currentColor""], ""fills"": 1}",4,False,needs_review_iconfont,candidate_after_license_review,iconfont公开搜索结果，已筛为单色SVG；外发前需复核授权。
gen.icon_report_interpret,报告解读,01_图标_icon,流程节点,01_图标_icon/流程节点/pa_icon_report_interpret.svg,svg,generated_pingan_component,,,,报告解读|平安橙|HTML组件,平安橙适配|单色线性|白底友好,service.report,"{""palette"": [""#f05a22"", ""#fff1e8"", ""#ffffff""]}",5,True,self_generated,default_candidate,自绘SVG组件，可直接用于HTML材料。
iconfont.34453368,报告解读-行业报告,01_图标_icon,流程节点,01_图标_icon/流程节点/iconfont_service_report_34453368_行业报告.svg,svg,iconfont_public_search,34453368,https://www.iconfont.cn/search/index?searchType=icon&q=报告,,"报告解读|报告|行业报告,线性,简约,手绘",单色线性|currentColor可控|平安橙可适配,service.report,"{""palette"": [""currentColor""], ""fills"": 1}",4,False,needs_review_iconfont,candidate_after_license_review,iconfont公开搜索结果，已筛为单色SVG；外发前需复核授权。
iconfont.5334129,报告解读-报告,01_图标_icon,流程节点,01_图标_icon/流程节点/iconfont_service_report_5334129_报告.svg,svg,iconfont_public_search,5334129,https://www.iconfont.cn/search/index?searchType=icon&q=报告,,报告解读|报告|报告,单色线性|currentColor可控|平安橙可适配,service.report,"{""palette"": [""currentColor""], ""fills"": 1}",4,False,needs_review_iconfont,candidate_after_license_review,iconfont公开搜索结果，已筛为单色SVG；外发前需复核授权。
gen.arrow_right_chevron,右箭头,02_流程箭头_连接组件,右箭头,02_流程箭头_连接组件/右箭头/pa_arrow_right_chevron.svg,svg,generated_pingan_component,,,,右箭头|平安橙|HTML组件,平安橙适配|单色线性|白底友好,flow.arrow_right,"{""palette"": [""#f05a22"", ""#fff1e8"", ""#ffffff""]}",5,True,self_generated,default_candidate,自绘SVG组件，可直接用于HTML材料。
gen.arrow_right_soft,柔和右箭头,02_流程箭头_连接组件,右箭头,02_流程箭头_连接组件/右箭头/pa_arrow_right_soft.svg,svg,generated_pingan_component,,,,柔和右箭头|平安橙|HTML组件,平安橙适配|单色线性|白底友好,flow.arrow_right,"{""palette"": [""#f05a22"", ""#fff1e8"", ""#ffffff""]}",5,True,self_generated,default_candidate,自绘SVG组件，可直接用于HTML材料。
gen.timeline_node,时间轴节点,02_流程箭头_连接组件,时间轴,02_流程箭头_连接组件/时间轴/pa_timeline_node.svg,svg,generated_pingan_component,,,,时间轴节点|平安橙|HTML组件,平安橙适配|单色线性|白底友好,flow.timeline_node,"{""palette"": [""#f05a22"", ""#fff1e8"", ""#ffffff""]}",5,True,self_generated,default_candidate,自绘SVG组件，可直接用于HTML材料。
gen.arrow_loop,闭环箭头,02_流程箭头_连接组件,闭环箭头,02_流程箭头_连接组件/闭环箭头/pa_arrow_loop.svg,svg,generated_pingan_component,,,,闭环箭头|平安橙|HTML组件,平安橙适配|单色线性|白底友好,flow.closed_loop,"{""palette"": [""#f05a22"", ""#fff1e8"", ""#ffffff""]}",5,True,self_generated,default_candidate,自绘SVG组件，可直接用于HTML材料。
local.PRESALE002_A0011,企业员工健康-PRESALE002_A0011,03_场景插画_照片,企业员工健康,03_场景插画_照片/企业员工健康/local_PRESALE002_A0011_企业员工健康.jpeg,jpeg,local_presale_curated,PRESALE002_A0011,,PRESALE002 p5,企业员工健康|商务医疗场景,平安橙适配|售前材料来源|橙色可适配|浅底友好,scene.enterprise_health,"{""width"": 474, ""height"": 600, ""brightness"": 0.864, ""saturation"": 0.121, ""orange_ratio"": 0.121, ""green_ratio"": 0.0, ""black_ratio"": 0.004, ""white_ratio"": 0.54, ""high_sat_ratio"": 0.0}",5,True,local_knowledge_base,default_candidate,用于封面、行业痛点、客户场景、医养服务场景
local.PRESALE002_A0087,企业员工健康-PRESALE002_A0087,03_场景插画_照片,企业员工健康,03_场景插画_照片/企业员工健康/local_PRESALE002_A0087_企业员工健康.jpeg,jpeg,local_presale_curated,PRESALE002_A0087,,PRESALE002 p14,企业员工健康|商务医疗场景,平安橙适配|售前材料来源|含平安橙|浅底友好,scene.enterprise_health,"{""width"": 619, ""height"": 460, ""brightness"": 0.923, ""saturation"": 0.082, ""orange_ratio"": 0.026, ""green_ratio"": 0.0, ""black_ratio"": 0.0, ""white_ratio"": 0.651, ""high_sat_ratio"": 0.0}",5,True,local_knowledge_base,default_candidate,用于封面、行业痛点、客户场景、医养服务场景
local.PRESALE002_A0056,医务室体检-PRESALE002_A0056,03_场景插画_照片,医务室体检,03_场景插画_照片/医务室体检/local_PRESALE002_A0056_医务室体检.jpeg,jpeg,local_presale_curated,PRESALE002_A0056,,PRESALE002 p10,医务室体检|医生服务|医疗场景,平安橙适配|售前材料来源|含平安橙|医疗/流程语义|浅底友好,scene.clinic_checkup,"{""width"": 679, ""height"": 614, ""brightness"": 0.921, ""saturation"": 0.085, ""orange_ratio"": 0.015, ""green_ratio"": 0.0, ""black_ratio"": 0.0, ""white_ratio"": 0.786, ""high_sat_ratio"": 0.006}",5,True,local_knowledge_base,default_candidate,用于封面、行业痛点、客户场景、医养服务场景
local.PRESALE002_A0065,医务室体检-PRESALE002_A0065,03_场景插画_照片,医务室体检,03_场景插画_照片/医务室体检/local_PRESALE002_A0065_医务室体检.jpeg,jpeg,local_presale_curated,PRESALE002_A0065,,PRESALE002 p12,医务室体检|医生服务|医疗场景,平安橙适配|售前材料来源|含平安橙|医疗/流程语义|橙色可适配|浅底友好,scene.clinic_checkup,"{""width"": 590, ""height"": 800, ""brightness"": 0.918, ""saturation"": 0.139, ""orange_ratio"": 0.06, ""green_ratio"": 0.0, ""black_ratio"": 0.006, ""white_ratio"": 0.745, ""high_sat_ratio"": 0.059}",5,True,local_knowledge_base,default_candidate,用于封面、行业痛点、客户场景、医养服务场景
local.PRESALE002_A0069,医务室体检-PRESALE002_A0069,03_场景插画_照片,医务室体检,03_场景插画_照片/医务室体检/local_PRESALE002_A0069_医务室体检.jpeg,jpeg,local_presale_curated,PRESALE002_A0069,,PRESALE002 p12,医务室体检|医生服务|医疗场景,平安橙适配|售前材料来源|医疗/流程语义|橙色可适配|浅底友好|高饱和偏多,scene.clinic_checkup,"{""width"": 508, ""height"": 586, ""brightness"": 0.793, ""saturation"": 0.483, ""orange_ratio"": 0.7, ""green_ratio"": 0.012, ""black_ratio"": 0.001, ""white_ratio"": 0.19, ""high_sat_ratio"": 0.494}",4,True,local_knowledge_base,default_candidate,用于封面、行业痛点、客户场景、医养服务场景
local.PRESALE002_A0073,医务室体检-PRESALE002_A0073,03_场景插画_照片,医务室体检,03_场景插画_照片/医务室体检/local_PRESALE002_A0073_医务室体检.jpeg,jpeg,local_presale_curated,PRESALE002_A0073,,PRESALE002 p12,医务室体检|医生服务|医疗场景,平安橙适配|售前材料来源|医疗/流程语义|橙色可适配,scene.clinic_checkup,"{""width"": 558, ""height"": 680, ""brightness"": 0.543, ""saturation"": 0.232, ""orange_ratio"": 0.106, ""green_ratio"": 0.0, ""black_ratio"": 0.129, ""white_ratio"": 0.0, ""high_sat_ratio"": 0.008}",5,True,local_knowledge_base,default_candidate,用于封面、行业痛点、客户场景、医养服务场景
local.PRESALE004_A0004,医务室体检-PRESALE004_A0004,03_场景插画_照片,医务室体检,03_场景插画_照片/医务室体检/local_PRESALE004_A0004_医务室体检.jpeg,jpeg,local_presale_curated,PRESALE004_A0004,,PRESALE004 p3,医务室体检|医生服务|医疗场景,平安橙适配|售前材料来源|含平安橙|医疗/流程语义|浅底友好,scene.clinic_checkup,"{""width"": 441, ""height"": 818, ""brightness"": 0.971, ""saturation"": 0.017, ""orange_ratio"": 0.007, ""green_ratio"": 0.004, ""black_ratio"": 0.0, ""white_ratio"": 0.893, ""high_sat_ratio"": 0.0}",5,True,local_knowledge_base,default_candidate,用于封面、行业痛点、客户场景、医养服务场景
local.PRESALE004_A0013,医务室体检-PRESALE004_A0013,03_场景插画_照片,医务室体检,03_场景插画_照片/医务室体检/local_PRESALE004_A0013_医务室体检.jpeg,jpeg,local_presale_curated,PRESALE004_A0013,,PRESALE004 p3,医务室体检|医生服务|医疗场景,平安橙适配|售前材料来源|医疗/流程语义|橙色可适配|浅底友好,scene.clinic_checkup,"{""width"": 377, ""height"": 786, ""brightness"": 0.946, ""saturation"": 0.067, ""orange_ratio"": 0.043, ""green_ratio"": 0.018, ""black_ratio"": 0.0, ""white_ratio"": 0.75, ""high_sat_ratio"": 0.022}",5,True,local_knowledge_base,default_candidate,用于封面、行业痛点、客户场景、医养服务场景
local.PRESALE004_A0082,医生沟通-PRESALE004_A0082,03_场景插画_照片,医生沟通,03_场景插画_照片/医生沟通/local_PRESALE004_A0082_医生沟通.jpeg,jpeg,local_presale_curated,PRESALE004_A0082,,PRESALE004 p16,医生沟通|医疗服务场景,平安橙适配|售前材料来源|浅底友好,scene.doctor_consultation,"{""width"": 505, ""height"": 1092, ""brightness"": 0.986, ""saturation"": 0.031, ""orange_ratio"": 0.0, ""green_ratio"": 0.0, ""black_ratio"": 0.0, ""white_ratio"": 0.901, ""high_sat_ratio"": 0.0}",4,True,local_knowledge_base,default_candidate,用于封面、行业痛点、客户场景、医养服务场景
local.PRESALE004_A0083,医生沟通-PRESALE004_A0083,03_场景插画_照片,医生沟通,03_场景插画_照片/医生沟通/local_PRESALE004_A0083_医生沟通.jpeg,jpeg,local_presale_curated,PRESALE004_A0083,,PRESALE004 p16,医生沟通|医疗服务场景,平安橙适配|售前材料来源|浅底友好,scene.doctor_consultation,"{""width"": 505, ""height"": 1092, ""brightness"": 0.968, ""saturation"": 0.048, ""orange_ratio"": 0.0, ""green_ratio"": 0.0, ""black_ratio"": 0.0, ""white_ratio"": 0.855, ""high_sat_ratio"": 0.0}",4,True,local_knowledge_base,default_candidate,用于封面、行业痛点、客户场景、医养服务场景
local.PRESALE004_A0084,医生沟通-PRESALE004_A0084,03_场景插画_照片,医生沟通,03_场景插画_照片/医生沟通/local_PRESALE004_A0084_医生沟通.jpeg,jpeg,local_presale_curated,PRESALE004_A0084,,PRESALE004 p16,医生沟通|医疗服务场景,平安橙适配|售前材料来源|含平安橙|浅底友好,scene.doctor_consultation,"{""width"": 535, ""height"": 1093, ""brightness"": 0.929, ""saturation"": 0.043, ""orange_ratio"": 0.023, ""green_ratio"": 0.001, ""black_ratio"": 0.001, ""white_ratio"": 0.817, ""high_sat_ratio"": 0.01}",5,True,local_knowledge_base,default_candidate,用于封面、行业痛点、客户场景、医养服务场景
local.PRESALE004_A0085,医生沟通-PRESALE004_A0085,03_场景插画_照片,医生沟通,03_场景插画_照片/医生沟通/local_PRESALE004_A0085_医生沟通.jpeg,jpeg,local_presale_curated,PRESALE004_A0085,,PRESALE004 p16,医生沟通|医疗服务场景,平安橙适配|售前材料来源|含平安橙|浅底友好,scene.doctor_consultation,"{""width"": 507, ""height"": 1098, ""brightness"": 0.959, ""saturation"": 0.023, ""orange_ratio"": 0.008, ""green_ratio"": 0.0, ""black_ratio"": 0.0, ""white_ratio"": 0.913, ""high_sat_ratio"": 0.002}",5,True,local_knowledge_base,default_candidate,用于封面、行业痛点、客户场景、医养服务场景
local.PRESALE004_A0086,医生沟通-PRESALE004_A0086,03_场景插画_照片,医生沟通,03_场景插画_照片/医生沟通/local_PRESALE004_A0086_医生沟通.jpeg,jpeg,local_presale_curated,PRESALE004_A0086,,PRESALE004 p16,医生沟通|医疗服务场景,平安橙适配|售前材料来源|含平安橙|浅底友好,scene.doctor_consultation,"{""width"": 508, ""height"": 1097, ""brightness"": 0.976, ""saturation"": 0.021, ""orange_ratio"": 0.008, ""green_ratio"": 0.0, ""black_ratio"": 0.0, ""white_ratio"": 0.888, ""high_sat_ratio"": 0.0}",5,True,local_knowledge_base,default_candidate,用于封面、行业痛点、客户场景、医养服务场景
local.PRESALE004_A0087,医生沟通-PRESALE004_A0087,03_场景插画_照片,医生沟通,03_场景插画_照片/医生沟通/local_PRESALE004_A0087_医生沟通.jpeg,jpeg,local_presale_curated,PRESALE004_A0087,,PRESALE004 p17,医生沟通|医疗服务场景,平安橙适配|售前材料来源|浅底友好,scene.doctor_consultation,"{""width"": 521, ""height"": 1128, ""brightness"": 0.907, ""saturation"": 0.057, ""orange_ratio"": 0.027, ""green_ratio"": 0.048, ""black_ratio"": 0.008, ""white_ratio"": 0.717, ""high_sat_ratio"": 0.019}",4,True,local_knowledge_base,default_candidate,用于封面、行业痛点、客户场景、医养服务场景
local.PRESALE004_A0088,医生沟通-PRESALE004_A0088,03_场景插画_照片,医生沟通,03_场景插画_照片/医生沟通/local_PRESALE004_A0088_医生沟通.jpeg,jpeg,local_presale_curated,PRESALE004_A0088,,PRESALE004 p17,医生沟通|医疗服务场景,平安橙适配|售前材料来源|浅底友好,scene.doctor_consultation,"{""width"": 521, ""height"": 1128, ""brightness"": 0.857, ""saturation"": 0.173, ""orange_ratio"": 0.014, ""green_ratio"": 0.06, ""black_ratio"": 0.009, ""white_ratio"": 0.516, ""high_sat_ratio"": 0.137}",4,True,local_knowledge_base,default_candidate,用于封面、行业痛点、客户场景、医养服务场景
local.PRESALE004_A0089,医生沟通-PRESALE004_A0089,03_场景插画_照片,医生沟通,03_场景插画_照片/医生沟通/local_PRESALE004_A0089_医生沟通.jpeg,jpeg,local_presale_curated,PRESALE004_A0089,,PRESALE004 p17,医生沟通|医疗服务场景,平安橙适配|售前材料来源|浅底友好,scene.doctor_consultation,"{""width"": 521, ""height"": 1128, ""brightness"": 0.95, ""saturation"": 0.037, ""orange_ratio"": 0.02, ""green_ratio"": 0.017, ""black_ratio"": 0.0, ""white_ratio"": 0.863, ""high_sat_ratio"": 0.01}",4,True,local_knowledge_base,default_candidate,用于封面、行业痛点、客户场景、医养服务场景
local.PRESALE004_A0090,医生沟通-PRESALE004_A0090,03_场景插画_照片,医生沟通,03_场景插画_照片/医生沟通/local_PRESALE004_A0090_医生沟通.jpeg,jpeg,local_presale_curated,PRESALE004_A0090,,PRESALE004 p17,医生沟通|医疗服务场景,平安橙适配|售前材料来源|浅底友好,scene.doctor_consultation,"{""width"": 521, ""height"": 1128, ""brightness"": 0.937, ""saturation"": 0.043, ""orange_ratio"": 0.025, ""green_ratio"": 0.034, ""black_ratio"": 0.0, ""white_ratio"": 0.789, ""high_sat_ratio"": 0.017}",4,True,local_knowledge_base,default_candidate,用于封面、行业痛点、客户场景、医养服务场景
local.PRESALE004_A0091,医生沟通-PRESALE004_A0091,03_场景插画_照片,医生沟通,03_场景插画_照片/医生沟通/local_PRESALE004_A0091_医生沟通.jpeg,jpeg,local_presale_curated,PRESALE004_A0091,,PRESALE004 p17,医生沟通|医疗服务场景,平安橙适配|售前材料来源|浅底友好,scene.doctor_consultation,"{""width"": 488, ""height"": 1057, ""brightness"": 0.848, ""saturation"": 0.073, ""orange_ratio"": 0.018, ""green_ratio"": 0.045, ""black_ratio"": 0.003, ""white_ratio"": 0.605, ""high_sat_ratio"": 0.0}",4,True,local_knowledge_base,default_candidate,用于封面、行业痛点、客户场景、医养服务场景
local.PRESALE004_A0092,医生沟通-PRESALE004_A0092,03_场景插画_照片,医生沟通,03_场景插画_照片/医生沟通/local_PRESALE004_A0092_医生沟通.jpeg,jpeg,local_presale_curated,PRESALE004_A0092,,PRESALE004 p18,医生沟通|医疗服务场景,平安橙适配|售前材料来源|含平安橙|橙色可适配|浅底友好,scene.doctor_consultation,"{""width"": 514, ""height"": 1112, ""brightness"": 0.937, ""saturation"": 0.037, ""orange_ratio"": 0.037, ""green_ratio"": 0.0, ""black_ratio"": 0.001, ""white_ratio"": 0.797, ""high_sat_ratio"": 0.002}",5,True,local_knowledge_base,default_candidate,用于封面、行业痛点、客户场景、医养服务场景
local.PRESALE002_A0033,家庭老人服务-PRESALE002_A0033,03_场景插画_照片,家庭老人服务,03_场景插画_照片/家庭老人服务/local_PRESALE002_A0033_家庭老人服务.jpeg,jpeg,local_presale_curated,PRESALE002_A0033,,PRESALE002 p8,家庭老人服务|健康服务场景,平安橙适配|售前材料来源|医疗/流程语义|橙色可适配|浅底友好,scene.family_service,"{""width"": 500, ""height"": 333, ""brightness"": 0.721, ""saturation"": 0.228, ""orange_ratio"": 0.179, ""green_ratio"": 0.0, ""black_ratio"": 0.011, ""white_ratio"": 0.131, ""high_sat_ratio"": 0.054}",5,True,local_knowledge_base,default_candidate,用于封面、行业痛点、客户场景、医养服务场景
local.PRESALE002_A0049,家庭老人服务-PRESALE002_A0049,03_场景插画_照片,家庭老人服务,03_场景插画_照片/家庭老人服务/local_PRESALE002_A0049_家庭老人服务.jpeg,jpeg,local_presale_curated,PRESALE002_A0049,,PRESALE002 p9,家庭老人服务|健康服务场景,平安橙适配|售前材料来源|医疗/流程语义|橙色可适配|浅底友好,scene.family_service,"{""width"": 554, ""height"": 474, ""brightness"": 0.636, ""saturation"": 0.088, ""orange_ratio"": 0.096, ""green_ratio"": 0.0, ""black_ratio"": 0.17, ""white_ratio"": 0.343, ""high_sat_ratio"": 0.0}",5,True,local_knowledge_base,default_candidate,用于封面、行业痛点、客户场景、医养服务场景
local.PRESALE002_A0052,家庭老人服务-PRESALE002_A0052,03_场景插画_照片,家庭老人服务,03_场景插画_照片/家庭老人服务/local_PRESALE002_A0052_家庭老人服务.jpeg,jpeg,local_presale_curated,PRESALE002_A0052,,PRESALE002 p9,家庭老人服务|健康服务场景,平安橙适配|售前材料来源|医疗/流程语义|橙色可适配|浅底友好,scene.family_service,"{""width"": 554, ""height"": 390, ""brightness"": 0.702, ""saturation"": 0.034, ""orange_ratio"": 0.051, ""green_ratio"": 0.0, ""black_ratio"": 0.168, ""white_ratio"": 0.557, ""high_sat_ratio"": 0.0}",5,True,local_knowledge_base,default_candidate,用于封面、行业痛点、客户场景、医养服务场景
local.PRESALE002_A0053,家庭老人服务-PRESALE002_A0053,03_场景插画_照片,家庭老人服务,03_场景插画_照片/家庭老人服务/local_PRESALE002_A0053_家庭老人服务.jpeg,jpeg,local_presale_curated,PRESALE002_A0053,,PRESALE002 p9,家庭老人服务|健康服务场景,平安橙适配|售前材料来源|医疗/流程语义|橙色可适配|浅底友好,scene.family_service,"{""width"": 531, ""height"": 385, ""brightness"": 0.707, ""saturation"": 0.151, ""orange_ratio"": 0.062, ""green_ratio"": 0.0, ""black_ratio"": 0.154, ""white_ratio"": 0.345, ""high_sat_ratio"": 0.0}",5,True,local_knowledge_base,default_candidate,用于封面、行业痛点、客户场景、医养服务场景
local.PRESALE002_A0054,家庭老人服务-PRESALE002_A0054,03_场景插画_照片,家庭老人服务,03_场景插画_照片/家庭老人服务/local_PRESALE002_A0054_家庭老人服务.jpeg,jpeg,local_presale_curated,PRESALE002_A0054,,PRESALE002 p9,家庭老人服务|健康服务场景,平安橙适配|售前材料来源|医疗/流程语义|橙色可适配,scene.family_service,"{""width"": 533, ""height"": 377, ""brightness"": 0.497, ""saturation"": 0.146, ""orange_ratio"": 0.056, ""green_ratio"": 0.0, ""black_ratio"": 0.292, ""white_ratio"": 0.159, ""high_sat_ratio"": 0.01}",5,True,local_knowledge_base,default_candidate,用于封面、行业痛点、客户场景、医养服务场景
local.PRESALE002_A0062,家庭老人服务-PRESALE002_A0062,03_场景插画_照片,家庭老人服务,03_场景插画_照片/家庭老人服务/local_PRESALE002_A0062_家庭老人服务.jpeg,jpeg,local_presale_curated,PRESALE002_A0062,,PRESALE002 p11,家庭老人服务|健康服务场景,平安橙适配|售前材料来源|医疗/流程语义|橙色可适配|浅底友好,scene.family_service,"{""width"": 508, ""height"": 614, ""brightness"": 0.892, ""saturation"": 0.13, ""orange_ratio"": 0.056, ""green_ratio"": 0.0, ""black_ratio"": 0.0, ""white_ratio"": 0.639, ""high_sat_ratio"": 0.053}",5,True,local_knowledge_base,default_candidate,用于封面、行业痛点、客户场景、医养服务场景
local.PRESALE001_A0299,APP截图-PRESALE001_A0299,04_设备产品图,APP截图,04_设备产品图/APP截图/local_PRESALE001_A0299_APP截图.jpeg,jpeg,local_presale_curated,PRESALE001_A0299,,PRESALE001 p25,APP截图|履约链路|服务流程,平安橙适配|售前材料来源|医疗/流程语义|浅底友好,proof.app_screenshot,"{""width"": 439, ""height"": 963, ""brightness"": 0.874, ""saturation"": 0.056, ""orange_ratio"": 0.008, ""green_ratio"": 0.0, ""black_ratio"": 0.007, ""white_ratio"": 0.688, ""high_sat_ratio"": 0.0}",5,True,local_knowledge_base,default_candidate,展示APP、小程序、权益领取、履约路径或客户侧页面
local.PRESALE001_A0300,APP截图-PRESALE001_A0300,04_设备产品图,APP截图,04_设备产品图/APP截图/local_PRESALE001_A0300_APP截图.jpeg,jpeg,local_presale_curated,PRESALE001_A0300,,PRESALE001 p25,APP截图|履约链路|服务流程,平安橙适配|售前材料来源|医疗/流程语义|橙色可适配,proof.app_screenshot,"{""width"": 333, ""height"": 690, ""brightness"": 0.411, ""saturation"": 0.128, ""orange_ratio"": 0.127, ""green_ratio"": 0.0, ""black_ratio"": 0.224, ""white_ratio"": 0.083, ""high_sat_ratio"": 0.004}",5,True,local_knowledge_base,default_candidate,展示APP、小程序、权益领取、履约路径或客户侧页面
local.PRESALE003_A0130,APP截图-PRESALE003_A0130,04_设备产品图,APP截图,04_设备产品图/APP截图/local_PRESALE003_A0130_APP截图.jpeg,jpeg,local_presale_curated,PRESALE003_A0130,,PRESALE003 p35,APP截图|履约链路|服务流程,平安橙适配|售前材料来源|医疗/流程语义|橙色可适配|浅底友好,proof.app_screenshot,"{""width"": 371, ""height"": 770, ""brightness"": 0.892, ""saturation"": 0.041, ""orange_ratio"": 0.055, ""green_ratio"": 0.0, ""black_ratio"": 0.056, ""white_ratio"": 0.764, ""high_sat_ratio"": 0.026}",5,True,local_knowledge_base,default_candidate,展示APP、小程序、权益领取、履约路径或客户侧页面
local.PRESALE003_A0131,APP截图-PRESALE003_A0131,04_设备产品图,APP截图,04_设备产品图/APP截图/local_PRESALE003_A0131_APP截图.jpeg,jpeg,local_presale_curated,PRESALE003_A0131,,PRESALE003 p35,APP截图|履约链路|服务流程,平安橙适配|售前材料来源|医疗/流程语义|橙色可适配|浅底友好,proof.app_screenshot,"{""width"": 538, ""height"": 1133, ""brightness"": 0.804, ""saturation"": 0.092, ""orange_ratio"": 0.071, ""green_ratio"": 0.009, ""black_ratio"": 0.072, ""white_ratio"": 0.535, ""high_sat_ratio"": 0.027}",5,True,local_knowledge_base,default_candidate,展示APP、小程序、权益领取、履约路径或客户侧页面
local.PRESALE003_A0132,APP截图-PRESALE003_A0132,04_设备产品图,APP截图,04_设备产品图/APP截图/local_PRESALE003_A0132_APP截图.jpeg,jpeg,local_presale_curated,PRESALE003_A0132,,PRESALE003 p35,APP截图|履约链路|服务流程,平安橙适配|售前材料来源|医疗/流程语义|橙色可适配|浅底友好,proof.app_screenshot,"{""width"": 550, ""height"": 1158, ""brightness"": 0.871, ""saturation"": 0.244, ""orange_ratio"": 0.058, ""green_ratio"": 0.0, ""black_ratio"": 0.07, ""white_ratio"": 0.369, ""high_sat_ratio"": 0.192}",5,True,local_knowledge_base,default_candidate,展示APP、小程序、权益领取、履约路径或客户侧页面
local.PRESALE003_A0133,APP截图-PRESALE003_A0133,04_设备产品图,APP截图,04_设备产品图/APP截图/local_PRESALE003_A0133_APP截图.jpeg,jpeg,local_presale_curated,PRESALE003_A0133,,PRESALE003 p35,APP截图|履约链路|服务流程,平安橙适配|售前材料来源|含平安橙|医疗/流程语义|橙色可适配|浅底友好,proof.app_screenshot,"{""width"": 533, ""height"": 1122, ""brightness"": 0.774, ""saturation"": 0.087, ""orange_ratio"": 0.04, ""green_ratio"": 0.0, ""black_ratio"": 0.071, ""white_ratio"": 0.525, ""high_sat_ratio"": 0.002}",5,True,local_knowledge_base,default_candidate,展示APP、小程序、权益领取、履约路径或客户侧页面
local.PRESALE003_A0135,APP截图-PRESALE003_A0135,04_设备产品图,APP截图,04_设备产品图/APP截图/local_PRESALE003_A0135_APP截图.jpeg,jpeg,local_presale_curated,PRESALE003_A0135,,PRESALE003 p36,APP截图|履约链路|服务流程,平安橙适配|售前材料来源|医疗/流程语义|橙色可适配|浅底友好,proof.app_screenshot,"{""width"": 508, ""height"": 1067, ""brightness"": 0.866, ""saturation"": 0.176, ""orange_ratio"": 0.306, ""green_ratio"": 0.002, ""black_ratio"": 0.072, ""white_ratio"": 0.447, ""high_sat_ratio"": 0.083}",5,True,local_knowledge_base,default_candidate,展示APP、小程序、权益领取、履约路径或客户侧页面
local.PRESALE003_A0136,APP截图-PRESALE003_A0136,04_设备产品图,APP截图,04_设备产品图/APP截图/local_PRESALE003_A0136_APP截图.jpeg,jpeg,local_presale_curated,PRESALE003_A0136,,PRESALE003 p36,APP截图|履约链路|服务流程,平安橙适配|售前材料来源|医疗/流程语义|浅底友好,proof.app_screenshot,"{""width"": 508, ""height"": 1067, ""brightness"": 0.891, ""saturation"": 0.004, ""orange_ratio"": 0.004, ""green_ratio"": 0.0, ""black_ratio"": 0.072, ""white_ratio"": 0.834, ""high_sat_ratio"": 0.001}",5,True,local_knowledge_base,default_candidate,展示APP、小程序、权益领取、履约路径或客户侧页面
local.PRESALE003_A0137,APP截图-PRESALE003_A0137,04_设备产品图,APP截图,04_设备产品图/APP截图/local_PRESALE003_A0137_APP截图.jpeg,jpeg,local_presale_curated,PRESALE003_A0137,,PRESALE003 p36,APP截图|履约链路|服务流程,平安橙适配|售前材料来源|医疗/流程语义|橙色可适配|浅底友好,proof.app_screenshot,"{""width"": 508, ""height"": 1067, ""brightness"": 0.872, ""saturation"": 0.312, ""orange_ratio"": 0.424, ""green_ratio"": 0.0, ""black_ratio"": 0.072, ""white_ratio"": 0.347, ""high_sat_ratio"": 0.257}",5,True,local_knowledge_base,default_candidate,展示APP、小程序、权益领取、履约路径或客户侧页面
local.PRESALE003_A0138,APP截图-PRESALE003_A0138,04_设备产品图,APP截图,04_设备产品图/APP截图/local_PRESALE003_A0138_APP截图.jpeg,jpeg,local_presale_curated,PRESALE003_A0138,,PRESALE003 p36,APP截图|履约链路|服务流程,平安橙适配|售前材料来源|含平安橙|医疗/流程语义|橙色可适配|浅底友好,proof.app_screenshot,"{""width"": 508, ""height"": 1067, ""brightness"": 0.813, ""saturation"": 0.085, ""orange_ratio"": 0.047, ""green_ratio"": 0.0, ""black_ratio"": 0.072, ""white_ratio"": 0.54, ""high_sat_ratio"": 0.024}",5,True,local_knowledge_base,default_candidate,展示APP、小程序、权益领取、履约路径或客户侧页面
local.PRESALE003_A0139,APP截图-PRESALE003_A0139,04_设备产品图,APP截图,04_设备产品图/APP截图/local_PRESALE003_A0139_APP截图.jpeg,jpeg,local_presale_curated,PRESALE003_A0139,,PRESALE003 p36,APP截图|履约链路|服务流程,平安橙适配|售前材料来源|含平安橙|医疗/流程语义|浅底友好,proof.app_screenshot,"{""width"": 508, ""height"": 1067, ""brightness"": 0.765, ""saturation"": 0.049, ""orange_ratio"": 0.018, ""green_ratio"": 0.0, ""black_ratio"": 0.059, ""white_ratio"": 0.59, ""high_sat_ratio"": 0.0}",5,True,local_knowledge_base,default_candidate,展示APP、小程序、权益领取、履约路径或客户侧页面
local.PRESALE003_A0140,APP截图-PRESALE003_A0140,04_设备产品图,APP截图,04_设备产品图/APP截图/local_PRESALE003_A0140_APP截图.jpeg,jpeg,local_presale_curated,PRESALE003_A0140,,PRESALE003 p37,APP截图|履约链路|服务流程,平安橙适配|售前材料来源|医疗/流程语义|浅底友好,proof.app_screenshot,"{""width"": 548, ""height"": 1153, ""brightness"": 0.901, ""saturation"": 0.016, ""orange_ratio"": 0.014, ""green_ratio"": 0.002, ""black_ratio"": 0.058, ""white_ratio"": 0.819, ""high_sat_ratio"": 0.002}",5,True,local_knowledge_base,default_candidate,展示APP、小程序、权益领取、履约路径或客户侧页面
local.PRESALE003_A0141,APP截图-PRESALE003_A0141,04_设备产品图,APP截图,04_设备产品图/APP截图/local_PRESALE003_A0141_APP截图.jpeg,jpeg,local_presale_curated,PRESALE003_A0141,,PRESALE003 p37,APP截图|履约链路|服务流程,平安橙适配|售前材料来源|医疗/流程语义|橙色可适配|浅底友好,proof.app_screenshot,"{""width"": 548, ""height"": 1153, ""brightness"": 0.872, ""saturation"": 0.059, ""orange_ratio"": 0.039, ""green_ratio"": 0.01, ""black_ratio"": 0.058, ""white_ratio"": 0.691, ""high_sat_ratio"": 0.007}",5,True,local_knowledge_base,default_candidate,展示APP、小程序、权益领取、履约路径或客户侧页面
local.PRESALE003_A0143,APP截图-PRESALE003_A0143,04_设备产品图,APP截图,04_设备产品图/APP截图/local_PRESALE003_A0143_APP截图.jpeg,jpeg,local_presale_curated,PRESALE003_A0143,,PRESALE003 p38,APP截图|履约链路|服务流程,平安橙适配|售前材料来源|医疗/流程语义|橙色可适配|浅底友好,proof.app_screenshot,"{""width"": 586, ""height"": 1237, ""brightness"": 0.78, ""saturation"": 0.088, ""orange_ratio"": 0.04, ""green_ratio"": 0.0, ""black_ratio"": 0.057, ""white_ratio"": 0.527, ""high_sat_ratio"": 0.002}",5,True,local_knowledge_base,default_candidate,展示APP、小程序、权益领取、履约路径或客户侧页面
local.PRESALE003_A0149,APP截图-PRESALE003_A0149,04_设备产品图,APP截图,04_设备产品图/APP截图/local_PRESALE003_A0149_APP截图.jpeg,jpeg,local_presale_curated,PRESALE003_A0149,,PRESALE003 p38,APP截图|履约链路|服务流程,平安橙适配|售前材料来源|医疗/流程语义|浅底友好,proof.app_screenshot,"{""width"": 508, ""height"": 1067, ""brightness"": 0.888, ""saturation"": 0.007, ""orange_ratio"": 0.001, ""green_ratio"": 0.001, ""black_ratio"": 0.072, ""white_ratio"": 0.82, ""high_sat_ratio"": 0.0}",5,True,local_knowledge_base,default_candidate,展示APP、小程序、权益领取、履约路径或客户侧页面
local.PRESALE003_A0150,APP截图-PRESALE003_A0150,04_设备产品图,APP截图,04_设备产品图/APP截图/local_PRESALE003_A0150_APP截图.jpeg,jpeg,local_presale_curated,PRESALE003_A0150,,PRESALE003 p38,APP截图|履约链路|服务流程,平安橙适配|售前材料来源|医疗/流程语义|橙色可适配|浅底友好,proof.app_screenshot,"{""width"": 508, ""height"": 1067, ""brightness"": 0.838, ""saturation"": 0.061, ""orange_ratio"": 0.041, ""green_ratio"": 0.001, ""black_ratio"": 0.075, ""white_ratio"": 0.638, ""high_sat_ratio"": 0.024}",5,True,local_knowledge_base,default_candidate,展示APP、小程序、权益领取、履约路径或客户侧页面
local.PRESALE003_A0151,APP截图-PRESALE003_A0151,04_设备产品图,APP截图,04_设备产品图/APP截图/local_PRESALE003_A0151_APP截图.jpeg,jpeg,local_presale_curated,PRESALE003_A0151,,PRESALE003 p38,APP截图|履约链路|服务流程,平安橙适配|售前材料来源|含平安橙|医疗/流程语义|浅底友好,proof.app_screenshot,"{""width"": 508, ""height"": 1067, ""brightness"": 0.874, ""saturation"": 0.016, ""orange_ratio"": 0.018, ""green_ratio"": 0.001, ""black_ratio"": 0.072, ""white_ratio"": 0.787, ""high_sat_ratio"": 0.01}",5,True,local_knowledge_base,default_candidate,展示APP、小程序、权益领取、履约路径或客户侧页面
local.PRESALE003_A0152,APP截图-PRESALE003_A0152,04_设备产品图,APP截图,04_设备产品图/APP截图/local_PRESALE003_A0152_APP截图.jpeg,jpeg,local_presale_curated,PRESALE003_A0152,,PRESALE003 p38,APP截图|履约链路|服务流程,平安橙适配|售前材料来源|医疗/流程语义|浅底友好,proof.app_screenshot,"{""width"": 508, ""height"": 1067, ""brightness"": 0.763, ""saturation"": 0.056, ""orange_ratio"": 0.018, ""green_ratio"": 0.001, ""black_ratio"": 0.059, ""white_ratio"": 0.583, ""high_sat_ratio"": 0.001}",5,True,local_knowledge_base,default_candidate,展示APP、小程序、权益领取、履约路径或客户侧页面
local.PRESALE003_A0153,APP截图-PRESALE003_A0153,04_设备产品图,APP截图,04_设备产品图/APP截图/local_PRESALE003_A0153_APP截图.jpeg,jpeg,local_presale_curated,PRESALE003_A0153,,PRESALE003 p39,APP截图|履约链路|服务流程,平安橙适配|售前材料来源|医疗/流程语义|橙色可适配|浅底友好,proof.app_screenshot,"{""width"": 467, ""height"": 980, ""brightness"": 0.78, ""saturation"": 0.042, ""orange_ratio"": 0.048, ""green_ratio"": 0.0, ""black_ratio"": 0.09, ""white_ratio"": 0.507, ""high_sat_ratio"": 0.0}",5,True,local_knowledge_base,default_candidate,展示APP、小程序、权益领取、履约路径或客户侧页面
local.PRESALE003_A0154,APP截图-PRESALE003_A0154,04_设备产品图,APP截图,04_设备产品图/APP截图/local_PRESALE003_A0154_APP截图.jpeg,jpeg,local_presale_curated,PRESALE003_A0154,,PRESALE003 p39,APP截图|履约链路|服务流程,平安橙适配|售前材料来源|医疗/流程语义|橙色可适配|浅底友好,proof.app_screenshot,"{""width"": 468, ""height"": 980, ""brightness"": 0.774, ""saturation"": 0.044, ""orange_ratio"": 0.055, ""green_ratio"": 0.0, ""black_ratio"": 0.093, ""white_ratio"": 0.489, ""high_sat_ratio"": 0.001}",5,True,local_knowledge_base,default_candidate,展示APP、小程序、权益领取、履约路径或客户侧页面
gen.icon_speaker,智能音箱,04_设备产品图,智能音箱,04_设备产品图/智能音箱/pa_icon_speaker.svg,svg,generated_pingan_component,,,,智能音箱|平安橙|HTML组件,平安橙适配|单色线性|白底友好,device.speaker,"{""palette"": [""#f05a22"", ""#fff1e8"", ""#ffffff""]}",5,True,self_generated,default_candidate,自绘SVG组件，可直接用于HTML材料。
iconfont.5056529,智能音箱-音箱-01,04_设备产品图,智能音箱,04_设备产品图/智能音箱/iconfont_device_speaker_5056529_音箱-01.svg,svg,iconfont_public_search,5056529,https://www.iconfont.cn/search/index?searchType=icon&q=音箱,,智能音箱|音箱|音箱-01,单色线性|currentColor可控|平安橙可适配,device.speaker,"{""palette"": [""currentColor""], ""fills"": 1}",4,False,needs_review_iconfont,candidate_after_license_review,iconfont公开搜索结果，已筛为单色SVG；外发前需复核授权。
iconfont.5124380,智能音箱-音响,04_设备产品图,智能音箱,04_设备产品图/智能音箱/iconfont_device_speaker_5124380_音响.svg,svg,iconfont_public_search,5124380,https://www.iconfont.cn/search/index?searchType=icon&q=音箱,,"智能音箱|音箱|音响,音箱",单色线性|currentColor可控|平安橙可适配,device.speaker,"{""palette"": [""currentColor""], ""fills"": 1}",4,False,needs_review_iconfont,candidate_after_license_review,iconfont公开搜索结果，已筛为单色SVG；外发前需复核授权。
local.PRESALE001_A0025,智能音箱-PRESALE001_A0025,04_设备产品图,智能音箱,04_设备产品图/智能音箱/local_PRESALE001_A0025_智能音箱.jpeg,jpeg,local_presale_curated,PRESALE001_A0025,,PRESALE001 p7,智能音箱|设备|健康服务入口,平安橙适配|售前材料来源|橙色可适配|浅底友好,device.speaker,"{""width"": 494, ""height"": 316, ""brightness"": 0.846, ""saturation"": 0.136, ""orange_ratio"": 0.237, ""green_ratio"": 0.0, ""black_ratio"": 0.003, ""white_ratio"": 0.541, ""high_sat_ratio"": 0.0}",5,True,local_knowledge_base,default_candidate,展示音箱、手表、检测设备、安防传感器、IoT联动方案
local.PRESALE001_A0026,智能音箱-PRESALE001_A0026,04_设备产品图,智能音箱,04_设备产品图/智能音箱/local_PRESALE001_A0026_智能音箱.jpeg,jpeg,local_presale_curated,PRESALE001_A0026,,PRESALE001 p7,智能音箱|设备|健康服务入口,平安橙适配|售前材料来源|橙色可适配|浅底友好,device.speaker,"{""width"": 599, ""height"": 848, ""brightness"": 0.957, ""saturation"": 0.081, ""orange_ratio"": 0.105, ""green_ratio"": 0.004, ""black_ratio"": 0.0, ""white_ratio"": 0.798, ""high_sat_ratio"": 0.021}",5,True,local_knowledge_base,default_candidate,展示音箱、手表、检测设备、安防传感器、IoT联动方案
local.PRESALE001_A0027,智能音箱-PRESALE001_A0027,04_设备产品图,智能音箱,04_设备产品图/智能音箱/local_PRESALE001_A0027_智能音箱.jpeg,jpeg,local_presale_curated,PRESALE001_A0027,,PRESALE001 p7,智能音箱|设备|健康服务入口,平安橙适配|售前材料来源|含平安橙|橙色可适配|浅底友好,device.speaker,"{""width"": 581, ""height"": 848, ""brightness"": 0.954, ""saturation"": 0.162, ""orange_ratio"": 0.31, ""green_ratio"": 0.023, ""black_ratio"": 0.0, ""white_ratio"": 0.577, ""high_sat_ratio"": 0.01}",5,True,local_knowledge_base,default_candidate,展示音箱、手表、检测设备、安防传感器、IoT联动方案
local.PRESALE001_A0028,智能音箱-PRESALE001_A0028,04_设备产品图,智能音箱,04_设备产品图/智能音箱/local_PRESALE001_A0028_智能音箱.jpeg,jpeg,local_presale_curated,PRESALE001_A0028,,PRESALE001 p7,智能音箱|设备|健康服务入口,平安橙适配|售前材料来源|橙色可适配,device.speaker,"{""width"": 577, ""height"": 290, ""brightness"": 0.432, ""saturation"": 0.257, ""orange_ratio"": 0.444, ""green_ratio"": 0.0, ""black_ratio"": 0.141, ""white_ratio"": 0.0, ""high_sat_ratio"": 0.0}",4,True,local_knowledge_base,default_candidate,展示音箱、手表、检测设备、安防传感器、IoT联动方案
local.PRESALE001_A0034,智能音箱-PRESALE001_A0034,04_设备产品图,智能音箱,04_设备产品图/智能音箱/local_PRESALE001_A0034_智能音箱.jpeg,jpeg,local_presale_curated,PRESALE001_A0034,,PRESALE001 p7,智能音箱|设备|健康服务入口,平安橙适配|售前材料来源|橙色可适配,device.speaker,"{""width"": 634, ""height"": 299, ""brightness"": 0.647, ""saturation"": 0.236, ""orange_ratio"": 0.103, ""green_ratio"": 0.0, ""black_ratio"": 0.017, ""white_ratio"": 0.0, ""high_sat_ratio"": 0.0}",4,True,local_knowledge_base,default_candidate,展示音箱、手表、检测设备、安防传感器、IoT联动方案
local.PRESALE001_A0149,智能音箱-PRESALE001_A0149,04_设备产品图,智能音箱,04_设备产品图/智能音箱/local_PRESALE001_A0149_智能音箱.jpeg,jpeg,local_presale_curated,PRESALE001_A0149,,PRESALE001 p11,智能音箱|设备|健康服务入口,平安橙适配|售前材料来源|医疗/流程语义|橙色可适配|浅底友好,device.speaker,"{""width"": 917, ""height"": 372, ""brightness"": 0.971, ""saturation"": 0.072, ""orange_ratio"": 0.077, ""green_ratio"": 0.0, ""black_ratio"": 0.001, ""white_ratio"": 0.894, ""high_sat_ratio"": 0.061}",5,True,local_knowledge_base,default_candidate,展示音箱、手表、检测设备、安防传感器、IoT联动方案
local.PRESALE001_A0150,智能音箱-PRESALE001_A0150,04_设备产品图,智能音箱,04_设备产品图/智能音箱/local_PRESALE001_A0150_智能音箱.jpeg,jpeg,local_presale_curated,PRESALE001_A0150,,PRESALE001 p11,智能音箱|设备|健康服务入口,平安橙适配|售前材料来源|含平安橙|医疗/流程语义|橙色可适配|浅底友好,device.speaker,"{""width"": 917, ""height"": 372, ""brightness"": 0.97, ""saturation"": 0.073, ""orange_ratio"": 0.091, ""green_ratio"": 0.0, ""black_ratio"": 0.001, ""white_ratio"": 0.879, ""high_sat_ratio"": 0.06}",5,True,local_knowledge_base,default_candidate,展示音箱、手表、检测设备、安防传感器、IoT联动方案
local.PRESALE001_A0303,智能音箱-PRESALE001_A0303,04_设备产品图,智能音箱,04_设备产品图/智能音箱/local_PRESALE001_A0303_智能音箱.jpeg,jpeg,local_presale_curated,PRESALE001_A0303,,PRESALE001 p26,智能音箱|设备|健康服务入口,平安橙适配|售前材料来源|含平安橙|医疗/流程语义|浅底友好,device.speaker,"{""width"": 229, ""height"": 494, ""brightness"": 0.794, ""saturation"": 0.139, ""orange_ratio"": 0.002, ""green_ratio"": 0.0, ""black_ratio"": 0.152, ""white_ratio"": 0.64, ""high_sat_ratio"": 0.097}",5,True,local_knowledge_base,default_candidate,展示音箱、手表、检测设备、安防传感器、IoT联动方案
local.PRESALE001_A0310,智能音箱-PRESALE001_A0310,04_设备产品图,智能音箱,04_设备产品图/智能音箱/local_PRESALE001_A0310_智能音箱.jpeg,jpeg,local_presale_curated,PRESALE001_A0310,,PRESALE001 p27,智能音箱|设备|健康服务入口,平安橙适配|售前材料来源|含平安橙|浅底友好,device.speaker,"{""width"": 573, ""height"": 1153, ""brightness"": 0.968, ""saturation"": 0.019, ""orange_ratio"": 0.0, ""green_ratio"": 0.016, ""black_ratio"": 0.0, ""white_ratio"": 0.917, ""high_sat_ratio"": 0.012}",5,True,local_knowledge_base,default_candidate,展示音箱、手表、检测设备、安防传感器、IoT联动方案
local.PRESALE001_A0315,智能音箱-PRESALE001_A0315,04_设备产品图,智能音箱,04_设备产品图/智能音箱/local_PRESALE001_A0315_智能音箱.jpeg,jpeg,local_presale_curated,PRESALE001_A0315,,PRESALE001 p27,智能音箱|设备|健康服务入口,平安橙适配|售前材料来源|浅底友好,device.speaker,"{""width"": 374, ""height"": 348, ""brightness"": 0.94, ""saturation"": 0.022, ""orange_ratio"": 0.001, ""green_ratio"": 0.0, ""black_ratio"": 0.0, ""white_ratio"": 0.781, ""high_sat_ratio"": 0.0}",4,True,local_knowledge_base,default_candidate,展示音箱、手表、检测设备、安防传感器、IoT联动方案
local.PRESALE001_A0319,智能音箱-PRESALE001_A0319,04_设备产品图,智能音箱,04_设备产品图/智能音箱/local_PRESALE001_A0319_智能音箱.jpeg,jpeg,local_presale_curated,PRESALE001_A0319,,PRESALE001 p27,智能音箱|设备|健康服务入口,平安橙适配|售前材料来源|含平安橙|橙色可适配|浅底友好,device.speaker,"{""width"": 332, ""height"": 549, ""brightness"": 0.875, ""saturation"": 0.059, ""orange_ratio"": 0.082, ""green_ratio"": 0.0, ""black_ratio"": 0.002, ""white_ratio"": 0.553, ""high_sat_ratio"": 0.001}",5,True,local_knowledge_base,default_candidate,展示音箱、手表、检测设备、安防传感器、IoT联动方案
local.PRESALE001_A0356,智能音箱-PRESALE001_A0356,04_设备产品图,智能音箱,04_设备产品图/智能音箱/local_PRESALE001_A0356_智能音箱.jpeg,jpeg,local_presale_curated,PRESALE001_A0356,,PRESALE001 p29,智能音箱|设备|健康服务入口,平安橙适配|售前材料来源|医疗/流程语义|橙色可适配|浅底友好,device.speaker,"{""width"": 256, ""height"": 452, ""brightness"": 0.898, ""saturation"": 0.106, ""orange_ratio"": 0.043, ""green_ratio"": 0.0, ""black_ratio"": 0.001, ""white_ratio"": 0.645, ""high_sat_ratio"": 0.0}",5,True,local_knowledge_base,default_candidate,展示音箱、手表、检测设备、安防传感器、IoT联动方案
gen.icon_blood_pressure_monitor,血压监测,04_设备产品图,检测设备,04_设备产品图/检测设备/pa_icon_blood_pressure_monitor.svg,svg,generated_pingan_component,,,,血压监测|平安橙|HTML组件,平安橙适配|单色线性|白底友好,device.blood_pressure_monitor,"{""palette"": [""#f05a22"", ""#fff1e8"", ""#ffffff""]}",5,True,self_generated,default_candidate,自绘SVG组件，可直接用于HTML材料。
gen.icon_ct_mri,影像检查,04_设备产品图,检测设备,04_设备产品图/检测设备/pa_icon_ct_mri.svg,svg,generated_pingan_component,,,,影像检查|平安橙|HTML组件,平安橙适配|单色线性|白底友好,device.ct_mri,"{""palette"": [""#f05a22"", ""#fff1e8"", ""#ffffff""]}",5,True,self_generated,default_candidate,自绘SVG组件，可直接用于HTML材料。
gen.icon_wearable_watch,可穿戴监测,04_设备产品图,检测设备,04_设备产品图/检测设备/pa_icon_wearable_watch.svg,svg,generated_pingan_component,,,,可穿戴监测|平安橙|HTML组件,平安橙适配|单色线性|白底友好,device.wearable,"{""palette"": [""#f05a22"", ""#fff1e8"", ""#ffffff""]}",5,True,self_generated,default_candidate,自绘SVG组件，可直接用于HTML材料。
gen.icon_medicine_box,药箱药品,04_设备产品图,药箱药品,04_设备产品图/药箱药品/pa_icon_medicine_box.svg,svg,generated_pingan_component,,,,药箱药品|平安橙|HTML组件,平安橙适配|单色线性|白底友好,device.medicine_box,"{""palette"": [""#f05a22"", ""#fff1e8"", ""#ffffff""]}",5,True,self_generated,default_candidate,自绘SVG组件，可直接用于HTML材料。
iconfont.1036,药箱药品-医药箱,04_设备产品图,药箱药品,04_设备产品图/药箱药品/iconfont_device_medicine_box_1036_医药箱.svg,svg,iconfont_public_search,1036,https://www.iconfont.cn/search/index?searchType=icon&q=药箱,,"药箱药品|药箱|医药箱,急救箱,拯救,伤病",单色线性|currentColor可控|平安橙可适配,device.medicine_box,"{""palette"": [""currentColor""], ""fills"": 1}",4,False,needs_review_iconfont,candidate_after_license_review,iconfont公开搜索结果，已筛为单色SVG；外发前需复核授权。
iconfont.765588,药箱药品-药箱,04_设备产品图,药箱药品,04_设备产品图/药箱药品/iconfont_device_medicine_box_765588_药箱.svg,svg,iconfont_public_search,765588,https://www.iconfont.cn/search/index?searchType=icon&q=药箱,,药箱药品|药箱|药箱,单色线性|currentColor可控|平安橙可适配,device.medicine_box,"{""palette"": [""currentColor""], ""fills"": 1}",4,False,needs_review_iconfont,candidate_after_license_review,iconfont公开搜索结果，已筛为单色SVG；外发前需复核授权。
gen.bg_medical_grid,医疗科技网格,05_背景装饰,医疗科技线稿,05_背景装饰/医疗科技线稿/pa_bg_medical_grid.svg,svg,generated_pingan_component,,,,医疗科技网格|平安橙|HTML组件,平安橙适配|单色线性|白底友好,background.medical_tech,"{""palette"": [""#f05a22"", ""#fff1e8"", ""#ffffff""]}",5,True,self_generated,default_candidate,自绘SVG组件，可直接用于HTML材料。
gen.bg_orange_corner,浅橙封面角标,05_背景装饰,封面背景,05_背景装饰/封面背景/pa_bg_orange_corner.svg,svg,generated_pingan_component,,,,浅橙封面角标|平安橙|HTML组件,平安橙适配|单色线性|白底友好,background.cover_corner,"{""palette"": [""#f05a22"", ""#fff1e8"", ""#ffffff""]}",5,True,self_generated,default_candidate,自绘SVG组件，可直接用于HTML材料。
local.PRESALE006_A0090,封面背景-PRESALE006_A0090,05_背景装饰,封面背景,05_背景装饰/封面背景/local_PRESALE006_A0090_封面背景.jpeg,jpeg,local_presale_curated,PRESALE006_A0090,,PRESALE006 p22,背景装饰|横幅|橙色强调,平安橙适配|售前材料来源|医疗/流程语义|橙色可适配,background.cover_strip,"{""width"": 900, ""height"": 213, ""brightness"": 0.638, ""saturation"": 0.47, ""orange_ratio"": 0.06, ""green_ratio"": 0.0, ""black_ratio"": 0.0, ""white_ratio"": 0.0, ""high_sat_ratio"": 0.088}",5,True,local_knowledge_base,default_candidate,用于封面副视觉、章节页装饰、平安橙强调带
local.PRESALE007_A0018,封面背景-PRESALE007_A0018,05_背景装饰,封面背景,05_背景装饰/封面背景/local_PRESALE007_A0018_封面背景.jpeg,jpeg,local_presale_curated,PRESALE007_A0018,,PRESALE007 p1,背景装饰|横幅|橙色强调,平安橙适配|售前材料来源|含平安橙|橙色可适配|浅底友好,background.cover_strip,"{""width"": 1134, ""height"": 360, ""brightness"": 0.859, ""saturation"": 0.067, ""orange_ratio"": 0.048, ""green_ratio"": 0.025, ""black_ratio"": 0.001, ""white_ratio"": 0.558, ""high_sat_ratio"": 0.007}",5,True,local_knowledge_base,default_candidate,用于封面副视觉、章节页装饰、平安橙强调带
local.PRESALE007_A0057,封面背景-PRESALE007_A0057,05_背景装饰,封面背景,05_背景装饰/封面背景/local_PRESALE007_A0057_封面背景.png,png,local_presale_curated,PRESALE007_A0057,,PRESALE007 p1,背景装饰|横幅|橙色强调,平安橙适配|售前材料来源|浅底友好,background.cover_strip,"{""width"": 2641, ""height"": 213, ""brightness"": 0.902, ""saturation"": 0.0, ""orange_ratio"": 0.0, ""green_ratio"": 0.0, ""black_ratio"": 0.0, ""white_ratio"": 0.688, ""high_sat_ratio"": 0.0}",4,True,local_knowledge_base,default_candidate,用于封面副视觉、章节页装饰、平安橙强调带
local.PRESALE007_A0087,封面背景-PRESALE007_A0087,05_背景装饰,封面背景,05_背景装饰/封面背景/local_PRESALE007_A0087_封面背景.jpeg,jpeg,local_presale_curated,PRESALE007_A0087,,PRESALE007 p1,背景装饰|横幅|橙色强调,平安橙适配|售前材料来源|浅底友好,background.cover_strip,"{""width"": 2860, ""height"": 175, ""brightness"": 0.959, ""saturation"": 0.0, ""orange_ratio"": 0.0, ""green_ratio"": 0.0, ""black_ratio"": 0.0, ""white_ratio"": 0.999, ""high_sat_ratio"": 0.0}",4,True,local_knowledge_base,default_candidate,用于封面副视觉、章节页装饰、平安橙强调带
local.PRESALE008_A0004,封面背景-PRESALE008_A0004,05_背景装饰,封面背景,05_背景装饰/封面背景/local_PRESALE008_A0004_封面背景.jpeg,jpeg,local_presale_curated,PRESALE008_A0004,,PRESALE008 p2,背景装饰|横幅|橙色强调,平安橙适配|售前材料来源|含平安橙|浅底友好,background.cover_strip,"{""width"": 1995, ""height"": 390, ""brightness"": 0.952, ""saturation"": 0.047, ""orange_ratio"": 0.0, ""green_ratio"": 0.0, ""black_ratio"": 0.0, ""white_ratio"": 0.954, ""high_sat_ratio"": 0.0}",5,True,local_knowledge_base,default_candidate,用于封面副视觉、章节页装饰、平安橙强调带
local.PRESALE010_A0110,封面背景-PRESALE010_A0110,05_背景装饰,封面背景,05_背景装饰/封面背景/local_PRESALE010_A0110_封面背景.jpeg,jpeg,local_presale_curated,PRESALE010_A0110,,PRESALE010 p1,背景装饰|横幅|橙色强调,平安橙适配|售前材料来源|橙色可适配|浅底友好,background.cover_strip,"{""width"": 680, ""height"": 211, ""brightness"": 0.836, ""saturation"": 0.147, ""orange_ratio"": 0.043, ""green_ratio"": 0.0, ""black_ratio"": 0.129, ""white_ratio"": 0.004, ""high_sat_ratio"": 0.009}",5,True,local_knowledge_base,default_candidate,用于封面副视觉、章节页装饰、平安橙强调带
local.PRESALE010_A0138,封面背景-PRESALE010_A0138,05_背景装饰,封面背景,05_背景装饰/封面背景/local_PRESALE010_A0138_封面背景.jpeg,jpeg,local_presale_curated,PRESALE010_A0138,,PRESALE010 p1,背景装饰|横幅|橙色强调,平安橙适配|售前材料来源|含平安橙|橙色可适配|浅底友好|高饱和偏多,background.cover_strip,"{""width"": 1011, ""height"": 187, ""brightness"": 0.839, ""saturation"": 0.841, ""orange_ratio"": 0.962, ""green_ratio"": 0.0, ""black_ratio"": 0.034, ""white_ratio"": 0.0, ""high_sat_ratio"": 0.954}",4,True,local_knowledge_base,default_candidate,用于封面副视觉、章节页装饰、平安橙强调带
local.PRESALE010_A0139,封面背景-PRESALE010_A0139,05_背景装饰,封面背景,05_背景装饰/封面背景/local_PRESALE010_A0139_封面背景.jpeg,jpeg,local_presale_curated,PRESALE010_A0139,,PRESALE010 p1,背景装饰|横幅|橙色强调,平安橙适配|售前材料来源|含平安橙|橙色可适配|浅底友好|高饱和偏多,background.cover_strip,"{""width"": 1011, ""height"": 187, ""brightness"": 0.835, ""saturation"": 0.839, ""orange_ratio"": 0.962, ""green_ratio"": 0.0, ""black_ratio"": 0.034, ""white_ratio"": 0.0, ""high_sat_ratio"": 0.954}",4,True,local_knowledge_base,default_candidate,用于封面副视觉、章节页装饰、平安橙强调带
local.PRESALE005_A0003,版式参考-PRESALE005_A0003,06_版式参考_不直接入页,版式参考,06_版式参考_不直接入页/local_PRESALE005_A0003_版式参考.jpeg,jpeg,local_presale_curated,PRESALE005_A0003,,PRESALE005 p1,版式参考|整页参考|不直接入页,平安橙适配|售前材料来源|医疗/流程语义|橙色可适配|浅底友好|仅作版式参考,reference.layout,"{""width"": 1280, ""height"": 800, ""brightness"": 0.796, ""saturation"": 0.243, ""orange_ratio"": 0.165, ""green_ratio"": 0.005, ""black_ratio"": 0.007, ""white_ratio"": 0.363, ""high_sat_ratio"": 0.081}",4,False,local_knowledge_base,reference_only,用于复刻售前页版式、复杂表格或流程图布局参考
local.PRESALE005_A0008,版式参考-PRESALE005_A0008,06_版式参考_不直接入页,版式参考,06_版式参考_不直接入页/local_PRESALE005_A0008_版式参考.jpeg,jpeg,local_presale_curated,PRESALE005_A0008,,PRESALE005 p1,版式参考|整页参考|不直接入页,平安橙适配|售前材料来源|含平安橙|医疗/流程语义|浅底友好|仅作版式参考,reference.layout,"{""width"": 2000, ""height"": 1125, ""brightness"": 0.986, ""saturation"": 0.018, ""orange_ratio"": 0.0, ""green_ratio"": 0.0, ""black_ratio"": 0.0, ""white_ratio"": 0.956, ""high_sat_ratio"": 0.0}",4,False,local_knowledge_base,reference_only,用于复刻售前页版式、复杂表格或流程图布局参考
local.PRESALE005_A0009,版式参考-PRESALE005_A0009,06_版式参考_不直接入页,版式参考,06_版式参考_不直接入页/local_PRESALE005_A0009_版式参考.jpeg,jpeg,local_presale_curated,PRESALE005_A0009,,PRESALE005 p2,版式参考|整页参考|不直接入页,平安橙适配|售前材料来源|医疗/流程语义|橙色可适配|仅作版式参考,reference.layout,"{""width"": 965, ""height"": 609, ""brightness"": 0.579, ""saturation"": 0.63, ""orange_ratio"": 0.037, ""green_ratio"": 0.0, ""black_ratio"": 0.0, ""white_ratio"": 0.069, ""high_sat_ratio"": 0.28}",4,False,local_knowledge_base,reference_only,用于复刻售前页版式、复杂表格或流程图布局参考
local.PRESALE005_A0023,版式参考-PRESALE005_A0023,06_版式参考_不直接入页,版式参考,06_版式参考_不直接入页/local_PRESALE005_A0023_版式参考.jpeg,jpeg,local_presale_curated,PRESALE005_A0023,,PRESALE005 p5,版式参考|整页参考|不直接入页,平安橙适配|售前材料来源|医疗/流程语义|橙色可适配|浅底友好|仅作版式参考,reference.layout,"{""width"": 1023, ""height"": 598, ""brightness"": 0.966, ""saturation"": 0.073, ""orange_ratio"": 0.031, ""green_ratio"": 0.015, ""black_ratio"": 0.0, ""white_ratio"": 0.743, ""high_sat_ratio"": 0.025}",4,False,local_knowledge_base,reference_only,用于复刻售前页版式、复杂表格或流程图布局参考
local.PRESALE006_A0001,版式参考-PRESALE006_A0001,06_版式参考_不直接入页,版式参考,06_版式参考_不直接入页/local_PRESALE006_A0001_版式参考.jpeg,jpeg,local_presale_curated,PRESALE006_A0001,,PRESALE006 p1,版式参考|整页参考|不直接入页,平安橙适配|售前材料来源|浅底友好|仅作版式参考,reference.layout,"{""width"": 2837, ""height"": 1576, ""brightness"": 0.882, ""saturation"": 0.0, ""orange_ratio"": 0.0, ""green_ratio"": 0.0, ""black_ratio"": 0.092, ""white_ratio"": 0.85, ""high_sat_ratio"": 0.0}",4,False,local_knowledge_base,reference_only,用于复刻售前页版式、复杂表格或流程图布局参考
local.PRESALE006_A0073,版式参考-PRESALE006_A0073,06_版式参考_不直接入页,版式参考,06_版式参考_不直接入页/local_PRESALE006_A0073_版式参考.jpeg,jpeg,local_presale_curated,PRESALE006_A0073,,PRESALE006 p18,版式参考|整页参考|不直接入页,平安橙适配|售前材料来源|医疗/流程语义|橙色可适配|浅底友好|仅作版式参考,reference.layout,"{""width"": 1280, ""height"": 800, ""brightness"": 0.922, ""saturation"": 0.227, ""orange_ratio"": 0.13, ""green_ratio"": 0.007, ""black_ratio"": 0.0, ""white_ratio"": 0.452, ""high_sat_ratio"": 0.132}",4,False,local_knowledge_base,reference_only,用于复刻售前页版式、复杂表格或流程图布局参考
local.PRESALE006_A0099,版式参考-PRESALE006_A0099,06_版式参考_不直接入页,版式参考,06_版式参考_不直接入页/local_PRESALE006_A0099_版式参考.jpeg,jpeg,local_presale_curated,PRESALE006_A0099,,PRESALE006 p23,版式参考|整页参考|不直接入页,平安橙适配|售前材料来源|医疗/流程语义|浅底友好|仅作版式参考,reference.layout,"{""width"": 922, ""height"": 491, ""brightness"": 0.8, ""saturation"": 0.0, ""orange_ratio"": 0.0, ""green_ratio"": 0.0, ""black_ratio"": 0.182, ""white_ratio"": 0.763, ""high_sat_ratio"": 0.0}",4,False,local_knowledge_base,reference_only,用于复刻售前页版式、复杂表格或流程图布局参考
local.PRESALE006_A0100,版式参考-PRESALE006_A0100,06_版式参考_不直接入页,版式参考,06_版式参考_不直接入页/local_PRESALE006_A0100_版式参考.jpeg,jpeg,local_presale_curated,PRESALE006_A0100,,PRESALE006 p23,版式参考|整页参考|不直接入页,平安橙适配|售前材料来源|医疗/流程语义|浅底友好|仅作版式参考,reference.layout,"{""width"": 922, ""height"": 491, ""brightness"": 0.8, ""saturation"": 0.0, ""orange_ratio"": 0.0, ""green_ratio"": 0.0, ""black_ratio"": 0.182, ""white_ratio"": 0.764, ""high_sat_ratio"": 0.0}",4,False,local_knowledge_base,reference_only,用于复刻售前页版式、复杂表格或流程图布局参考
local.PRESALE006_A0101,版式参考-PRESALE006_A0101,06_版式参考_不直接入页,版式参考,06_版式参考_不直接入页/local_PRESALE006_A0101_版式参考.jpeg,jpeg,local_presale_curated,PRESALE006_A0101,,PRESALE006 p23,版式参考|整页参考|不直接入页,平安橙适配|售前材料来源|医疗/流程语义|浅底友好|仅作版式参考,reference.layout,"{""width"": 922, ""height"": 491, ""brightness"": 0.8, ""saturation"": 0.0, ""orange_ratio"": 0.0, ""green_ratio"": 0.0, ""black_ratio"": 0.182, ""white_ratio"": 0.763, ""high_sat_ratio"": 0.0}",4,False,local_knowledge_base,reference_only,用于复刻售前页版式、复杂表格或流程图布局参考
local.PRESALE007_A0019,版式参考-PRESALE007_A0019,06_版式参考_不直接入页,版式参考,06_版式参考_不直接入页/local_PRESALE007_A0019_版式参考.jpeg,jpeg,local_presale_curated,PRESALE007_A0019,,PRESALE007 p1,版式参考|整页参考|不直接入页,平安橙适配|售前材料来源|橙色可适配|仅作版式参考,reference.layout,"{""width"": 1080, ""height"": 719, ""brightness"": 0.668, ""saturation"": 0.157, ""orange_ratio"": 0.082, ""green_ratio"": 0.001, ""black_ratio"": 0.084, ""white_ratio"": 0.024, ""high_sat_ratio"": 0.012}",4,False,local_knowledge_base,reference_only,用于复刻售前页版式、复杂表格或流程图布局参考
local.PRESALE007_A0037,版式参考-PRESALE007_A0037,06_版式参考_不直接入页,版式参考,06_版式参考_不直接入页/local_PRESALE007_A0037_版式参考.jpeg,jpeg,local_presale_curated,PRESALE007_A0037,,PRESALE007 p1,版式参考|整页参考|不直接入页,平安橙适配|售前材料来源|仅作版式参考,reference.layout,"{""width"": 1280, ""height"": 718, ""brightness"": 0.362, ""saturation"": 0.0, ""orange_ratio"": 0.0, ""green_ratio"": 0.0, ""black_ratio"": 0.161, ""white_ratio"": 0.011, ""high_sat_ratio"": 0.0}",3,False,local_knowledge_base,reference_only,用于复刻售前页版式、复杂表格或流程图布局参考
local.PRESALE007_A0038,版式参考-PRESALE007_A0038,06_版式参考_不直接入页,版式参考,06_版式参考_不直接入页/local_PRESALE007_A0038_版式参考.jpeg,jpeg,local_presale_curated,PRESALE007_A0038,,PRESALE007 p1,版式参考|整页参考|不直接入页,平安橙适配|售前材料来源|橙色可适配|浅底友好|高饱和偏多|仅作版式参考,reference.layout,"{""width"": 1920, ""height"": 1109, ""brightness"": 0.799, ""saturation"": 0.803, ""orange_ratio"": 0.937, ""green_ratio"": 0.0, ""black_ratio"": 0.062, ""white_ratio"": 0.0, ""high_sat_ratio"": 0.905}",3,False,local_knowledge_base,reference_only,用于复刻售前页版式、复杂表格或流程图布局参考
local.PRESALE007_A0063,版式参考-PRESALE007_A0063,06_版式参考_不直接入页,版式参考,06_版式参考_不直接入页/local_PRESALE007_A0063_版式参考.jpeg,jpeg,local_presale_curated,PRESALE007_A0063,,PRESALE007 p1,版式参考|整页参考|不直接入页,平安橙适配|售前材料来源|仅作版式参考,reference.layout,"{""width"": 1280, ""height"": 720, ""brightness"": 0.432, ""saturation"": 0.0, ""orange_ratio"": 0.0, ""green_ratio"": 0.0, ""black_ratio"": 0.115, ""white_ratio"": 0.04, ""high_sat_ratio"": 0.0}",3,False,local_knowledge_base,reference_only,用于复刻售前页版式、复杂表格或流程图布局参考
local.PRESALE007_A0070,版式参考-PRESALE007_A0070,06_版式参考_不直接入页,版式参考,06_版式参考_不直接入页/local_PRESALE007_A0070_版式参考.jpeg,jpeg,local_presale_curated,PRESALE007_A0070,,PRESALE007 p1,版式参考|整页参考|不直接入页,平安橙适配|售前材料来源|橙色可适配|浅底友好|仅作版式参考,reference.layout,"{""width"": 1278, ""height"": 719, ""brightness"": 0.715, ""saturation"": 0.252, ""orange_ratio"": 0.323, ""green_ratio"": 0.005, ""black_ratio"": 0.082, ""white_ratio"": 0.286, ""high_sat_ratio"": 0.013}",4,False,local_knowledge_base,reference_only,用于复刻售前页版式、复杂表格或流程图布局参考
local.PRESALE007_A0086,版式参考-PRESALE007_A0086,06_版式参考_不直接入页,版式参考,06_版式参考_不直接入页/local_PRESALE007_A0086_版式参考.jpeg,jpeg,local_presale_curated,PRESALE007_A0086,,PRESALE007 p1,版式参考|整页参考|不直接入页,平安橙适配|售前材料来源|橙色可适配|仅作版式参考,reference.layout,"{""width"": 1275, ""height"": 721, ""brightness"": 0.581, ""saturation"": 0.266, ""orange_ratio"": 0.12, ""green_ratio"": 0.0, ""black_ratio"": 0.001, ""white_ratio"": 0.001, ""high_sat_ratio"": 0.048}",4,False,local_knowledge_base,reference_only,用于复刻售前页版式、复杂表格或流程图布局参考
local.PRESALE008_A0002,版式参考-PRESALE008_A0002,06_版式参考_不直接入页,版式参考,06_版式参考_不直接入页/local_PRESALE008_A0002_版式参考.jpeg,jpeg,local_presale_curated,PRESALE008_A0002,,PRESALE008 p1,版式参考|整页参考|不直接入页,平安橙适配|售前材料来源|橙色可适配|浅底友好|仅作版式参考,reference.layout,"{""width"": 1280, ""height"": 720, ""brightness"": 0.755, ""saturation"": 0.248, ""orange_ratio"": 0.403, ""green_ratio"": 0.0, ""black_ratio"": 0.023, ""white_ratio"": 0.229, ""high_sat_ratio"": 0.147}",4,False,local_knowledge_base,reference_only,用于复刻售前页版式、复杂表格或流程图布局参考
local.PRESALE008_A0005,版式参考-PRESALE008_A0005,06_版式参考_不直接入页,版式参考,06_版式参考_不直接入页/local_PRESALE008_A0005_版式参考.jpeg,jpeg,local_presale_curated,PRESALE008_A0005,,PRESALE008 p3,版式参考|整页参考|不直接入页,平安橙适配|售前材料来源|含平安橙|医疗/流程语义|浅底友好|仅作版式参考,reference.layout,"{""width"": 1080, ""height"": 720, ""brightness"": 0.937, ""saturation"": 0.06, ""orange_ratio"": 0.0, ""green_ratio"": 0.0, ""black_ratio"": 0.0, ""white_ratio"": 0.858, ""high_sat_ratio"": 0.0}",4,False,local_knowledge_base,reference_only,用于复刻售前页版式、复杂表格或流程图布局参考
local.PRESALE008_A0006,版式参考-PRESALE008_A0006,06_版式参考_不直接入页,版式参考,06_版式参考_不直接入页/local_PRESALE008_A0006_版式参考.jpeg,jpeg,local_presale_curated,PRESALE008_A0006,,PRESALE008 p3,版式参考|整页参考|不直接入页,平安橙适配|售前材料来源|医疗/流程语义|浅底友好|仅作版式参考,reference.layout,"{""width"": 1280, ""height"": 720, ""brightness"": 0.752, ""saturation"": 0.0, ""orange_ratio"": 0.0, ""green_ratio"": 0.0, ""black_ratio"": 0.058, ""white_ratio"": 0.503, ""high_sat_ratio"": 0.0}",4,False,local_knowledge_base,reference_only,用于复刻售前页版式、复杂表格或流程图布局参考
