asset_id,display_name,source,source_asset_id,source_url,license_status,file_path
iconfont.13638706,压力负荷-压力,iconfont_public_search,13638706,https://www.iconfont.cn/search/index?searchType=icon&q=压力,needs_review_iconfont,01_图标_icon/人群画像/iconfont_audience_pressure_13638706_压力.svg
iconfont.25716464,压力负荷-压力,iconfont_public_search,25716464,https://www.iconfont.cn/search/index?searchType=icon&q=压力,needs_review_iconfont,01_图标_icon/人群画像/iconfont_audience_pressure_25716464_压力.svg
iconfont.26302605,应酬饮酒-酒杯,iconfont_public_search,26302605,https://www.iconfont.cn/search/index?searchType=icon&q=酒杯,needs_review_iconfont,01_图标_icon/人群画像/iconfont_audience_social_dining_26302605_酒杯.svg
iconfont.5058344,应酬饮酒-酒杯,iconfont_public_search,5058344,https://www.iconfont.cn/search/index?searchType=icon&q=酒杯,needs_review_iconfont,01_图标_icon/人群画像/iconfont_audience_social_dining_5058344_酒杯.svg
iconfont.658012,高频出差-飞机,iconfont_public_search,658012,https://www.iconfont.cn/search/index?searchType=icon&q=飞机,needs_review_iconfont,01_图标_icon/人群画像/iconfont_audience_travel_658012_飞机.svg
iconfont.990,高频出差-旅行,iconfont_public_search,990,https://www.iconfont.cn/search/index?searchType=icon&q=飞机,needs_review_iconfont,01_图标_icon/人群画像/iconfont_audience_travel_990_旅行.svg
iconfont.10056205,血压管理-血压,iconfont_public_search,10056205,https://www.iconfont.cn/search/index?searchType=icon&q=血压,needs_review_iconfont,01_图标_icon/医疗检测/iconfont_service_blood_pressure_10056205_血压.svg
iconfont.765557,血压管理-血压,iconfont_public_search,765557,https://www.iconfont.cn/search/index?searchType=icon&q=血压,needs_review_iconfont,01_图标_icon/医疗检测/iconfont_service_blood_pressure_765557_血压.svg
iconfont.5961315,体检筛查-人体检测,iconfont_public_search,5961315,https://www.iconfont.cn/search/index?searchType=icon&q=体检,needs_review_iconfont,01_图标_icon/医疗检测/iconfont_service_checkup_5961315_人体检测.svg
iconfont.8288892,体检筛查-体检,iconfont_public_search,8288892,https://www.iconfont.cn/search/index?searchType=icon&q=体检,needs_review_iconfont,01_图标_icon/医疗检测/iconfont_service_checkup_8288892_体检.svg
iconfont.42230802,心电心脏-pulse-line,iconfont_public_search,42230802,https://www.iconfont.cn/search/index?searchType=icon&q=心电,needs_review_iconfont,01_图标_icon/医疗检测/iconfont_service_heart_42230802_pulse-line.svg
iconfont.643279,心电心脏-心电,iconfont_public_search,643279,https://www.iconfont.cn/search/index?searchType=icon&q=心电,needs_review_iconfont,01_图标_icon/医疗检测/iconfont_service_heart_643279_心电.svg
iconfont.4942304,住院床位-病床,iconfont_public_search,4942304,https://www.iconfont.cn/search/index?searchType=icon&q=病床,needs_review_iconfont,01_图标_icon/服务能力/iconfont_medical_bed_4942304_病床.svg
iconfont.8223399,住院床位-病床,iconfont_public_search,8223399,https://www.iconfont.cn/search/index?searchType=icon&q=病床,needs_review_iconfont,01_图标_icon/服务能力/iconfont_medical_bed_8223399_病床.svg
iconfont.14233212,陪诊服务-陪诊 ,iconfont_public_search,14233212,https://www.iconfont.cn/search/index?searchType=icon&q=陪诊,needs_review_iconfont,01_图标_icon/服务能力/iconfont_medical_companion_14233212_陪诊.svg
iconfont.5082611,陪诊服务-陪诊 我的陪诊#ff5988,iconfont_public_search,5082611,https://www.iconfont.cn/search/index?searchType=icon&q=陪诊,needs_review_iconfont,01_图标_icon/服务能力/iconfont_medical_companion_5082611_陪诊_我的陪诊_ff5988.svg
iconfont.10268608,医生服务-医生&医生介绍,iconfont_public_search,10268608,https://www.iconfont.cn/search/index?searchType=icon&q=医生,needs_review_iconfont,01_图标_icon/服务能力/iconfont_medical_doctor_10268608_医生_医生介绍.svg
iconfont.765377,医生服务-医生,iconfont_public_search,765377,https://www.iconfont.cn/search/index?searchType=icon&q=医生,needs_review_iconfont,01_图标_icon/服务能力/iconfont_medical_doctor_765377_医生.svg
iconfont.145457,医院资源-医院,iconfont_public_search,145457,https://www.iconfont.cn/search/index?searchType=icon&q=医院,needs_review_iconfont,01_图标_icon/服务能力/iconfont_medical_hospital_145457_医院.svg
iconfont.145740,医院资源-医院_填充,iconfont_public_search,145740,https://www.iconfont.cn/search/index?searchType=icon&q=医院,needs_review_iconfont,01_图标_icon/服务能力/iconfont_medical_hospital_145740_医院_填充.svg
iconfont.10056238,手术协助-手术,iconfont_public_search,10056238,https://www.iconfont.cn/search/index?searchType=icon&q=手术,needs_review_iconfont,01_图标_icon/服务能力/iconfont_medical_surgery_10056238_手术.svg
iconfont.786200,手术协助-外科,iconfont_public_search,786200,https://www.iconfont.cn/search/index?searchType=icon&q=手术,needs_review_iconfont,01_图标_icon/服务能力/iconfont_medical_surgery_786200_外科.svg
iconfont.10056191,注射接种-注射器,iconfont_public_search,10056191,https://www.iconfont.cn/search/index?searchType=icon&q=注射,needs_review_iconfont,01_图标_icon/服务能力/iconfont_service_injection_10056191_注射器.svg
iconfont.3920061,注射接种-注射器,iconfont_public_search,3920061,https://www.iconfont.cn/search/index?searchType=icon&q=注射,needs_review_iconfont,01_图标_icon/服务能力/iconfont_service_injection_3920061_注射器.svg
iconfont.1071062,营养管理-营养说2,iconfont_public_search,1071062,https://www.iconfont.cn/search/index?searchType=icon&q=营养,needs_review_iconfont,01_图标_icon/服务能力/iconfont_service_nutrition_1071062_营养说2.svg
iconfont.16275271,营养管理-营养咨询师,iconfont_public_search,16275271,https://www.iconfont.cn/search/index?searchType=icon&q=营养,needs_review_iconfont,01_图标_icon/服务能力/iconfont_service_nutrition_16275271_营养咨询师.svg
iconfont.4408993,睡眠管理-睡眠,iconfont_public_search,4408993,https://www.iconfont.cn/search/index?searchType=icon&q=睡眠,needs_review_iconfont,01_图标_icon/服务能力/iconfont_service_sleep_4408993_睡眠.svg
iconfont.988847,睡眠管理-睡眠,iconfont_public_search,988847,https://www.iconfont.cn/search/index?searchType=icon&q=睡眠,needs_review_iconfont,01_图标_icon/服务能力/iconfont_service_sleep_988847_睡眠.svg
iconfont.765796,疫苗防护-疫苗,iconfont_public_search,765796,https://www.iconfont.cn/search/index?searchType=icon&q=疫苗,needs_review_iconfont,01_图标_icon/服务能力/iconfont_service_vaccine_765796_疫苗.svg
iconfont.7693982,疫苗防护-疫苗,iconfont_public_search,7693982,https://www.iconfont.cn/search/index?searchType=icon&q=疫苗,needs_review_iconfont,01_图标_icon/服务能力/iconfont_service_vaccine_7693982_疫苗.svg
iconfont.10885287,随访跟踪-随访,iconfont_public_search,10885287,https://www.iconfont.cn/search/index?searchType=icon&q=随访,needs_review_iconfont,01_图标_icon/流程节点/iconfont_flow_followup_10885287_随访.svg
iconfont.16921561,随访跟踪-随访,iconfont_public_search,16921561,https://www.iconfont.cn/search/index?searchType=icon&q=随访,needs_review_iconfont,01_图标_icon/流程节点/iconfont_flow_followup_16921561_随访.svg
iconfont.10268557,健康档案-健康档案,iconfont_public_search,10268557,https://www.iconfont.cn/search/index?searchType=icon&q=健康档案,needs_review_iconfont,01_图标_icon/流程节点/iconfont_service_health_record_10268557_健康档案.svg
iconfont.31359592,健康档案-健康档案,iconfont_public_search,31359592,https://www.iconfont.cn/search/index?searchType=icon&q=健康档案,needs_review_iconfont,01_图标_icon/流程节点/iconfont_service_health_record_31359592_健康档案.svg
iconfont.34453368,报告解读-行业报告,iconfont_public_search,34453368,https://www.iconfont.cn/search/index?searchType=icon&q=报告,needs_review_iconfont,01_图标_icon/流程节点/iconfont_service_report_34453368_行业报告.svg
iconfont.5334129,报告解读-报告,iconfont_public_search,5334129,https://www.iconfont.cn/search/index?searchType=icon&q=报告,needs_review_iconfont,01_图标_icon/流程节点/iconfont_service_report_5334129_报告.svg
iconfont.5056529,智能音箱-音箱-01,iconfont_public_search,5056529,https://www.iconfont.cn/search/index?searchType=icon&q=音箱,needs_review_iconfont,04_设备产品图/智能音箱/iconfont_device_speaker_5056529_音箱-01.svg
iconfont.5124380,智能音箱-音响,iconfont_public_search,5124380,https://www.iconfont.cn/search/index?searchType=icon&q=音箱,needs_review_iconfont,04_设备产品图/智能音箱/iconfont_device_speaker_5124380_音响.svg
iconfont.1036,药箱药品-医药箱,iconfont_public_search,1036,https://www.iconfont.cn/search/index?searchType=icon&q=药箱,needs_review_iconfont,04_设备产品图/药箱药品/iconfont_device_medicine_box_1036_医药箱.svg
iconfont.765588,药箱药品-药箱,iconfont_public_search,765588,https://www.iconfont.cn/search/index?searchType=icon&q=药箱,needs_review_iconfont,04_设备产品图/药箱药品/iconfont_device_medicine_box_765588_药箱.svg
