asset_id,asset_category,source_id,source_title,source_file,page,path,width,height,tags,dominant_colors,recommend_use,page_text_excerpt
PRESALE001_A0025,智能硬件/设备图,PRESALE001,居家养老政企合作版,202409_平安居家养老介绍_[政企合作版].pdf,7,07_售前材料规范与素材库/assets/PRESALE001/PRESALE001_A0025.jpeg,494,316,photo_or_illustration|real_estate_scene|smart_device|养老|客户方案|智能硬件|服务流程,#edeae5|#edece8|#eeebe6|#ece9e4|#f3efec,展示音箱、手表、检测设备、安防传感器、IoT联动方案,平安居家养老提供全场景服务，为长者提供高品质的养老服务 3% 2033年 60岁以上人口 90% 7% 4亿 居家养老 机构养老 社区养老 “9073”养老格局 老人舒心 •核心区位、七星设施 全场景的服务 •专属定制: 科学测评定制个性方案 •全面服务: 10大场景，覆盖医食住 行等一站式服务 •1+N管家、国际标准 当前血压正常 子女放心 •七维健康、精
PRESALE001_A0026,智能硬件/设备图,PRESALE001,居家养老政企合作版,202409_平安居家养老介绍_[政企合作版].pdf,7,07_售前材料规范与素材库/assets/PRESALE001/PRESALE001_A0026.jpeg,599,848,photo_or_illustration|real_estate_scene|smart_device|养老|客户方案|智能硬件|服务流程,#f6f6f6|#f7f7f7|#f6f6f7|#f3f4f8|#f5f5f5,展示音箱、手表、检测设备、安防传感器、IoT联动方案,平安居家养老提供全场景服务，为长者提供高品质的养老服务 3% 2033年 60岁以上人口 90% 7% 4亿 居家养老 机构养老 社区养老 “9073”养老格局 老人舒心 •核心区位、七星设施 全场景的服务 •专属定制: 科学测评定制个性方案 •全面服务: 10大场景，覆盖医食住 行等一站式服务 •1+N管家、国际标准 当前血压正常 子女放心 •七维健康、精
PRESALE001_A0027,智能硬件/设备图,PRESALE001,居家养老政企合作版,202409_平安居家养老介绍_[政企合作版].pdf,7,07_售前材料规范与素材库/assets/PRESALE001/PRESALE001_A0027.jpeg,581,848,photo_or_illustration|real_estate_scene|smart_device|养老|客户方案|平安橙|智能硬件|服务流程,#fad59e|#fafafa|#f9f9f9|#f8f8f8|#fcd9a4,展示音箱、手表、检测设备、安防传感器、IoT联动方案,平安居家养老提供全场景服务，为长者提供高品质的养老服务 3% 2033年 60岁以上人口 90% 7% 4亿 居家养老 机构养老 社区养老 “9073”养老格局 老人舒心 •核心区位、七星设施 全场景的服务 •专属定制: 科学测评定制个性方案 •全面服务: 10大场景，覆盖医食住 行等一站式服务 •1+N管家、国际标准 当前血压正常 子女放心 •七维健康、精
PRESALE001_A0028,智能硬件/设备图,PRESALE001,居家养老政企合作版,202409_平安居家养老介绍_[政企合作版].pdf,7,07_售前材料规范与素材库/assets/PRESALE001/PRESALE001_A0028.jpeg,577,290,photo_or_illustration|real_estate_scene|smart_device|养老|客户方案|智能硬件|服务流程,#1b1f1e|#1c201f|#1a1e1d|#1a201e|#191f1f,展示音箱、手表、检测设备、安防传感器、IoT联动方案,平安居家养老提供全场景服务，为长者提供高品质的养老服务 3% 2033年 60岁以上人口 90% 7% 4亿 居家养老 机构养老 社区养老 “9073”养老格局 老人舒心 •核心区位、七星设施 全场景的服务 •专属定制: 科学测评定制个性方案 •全面服务: 10大场景，覆盖医食住 行等一站式服务 •1+N管家、国际标准 当前血压正常 子女放心 •七维健康、精
PRESALE001_A0029,智能硬件/设备图,PRESALE001,居家养老政企合作版,202409_平安居家养老介绍_[政企合作版].pdf,7,07_售前材料规范与素材库/assets/PRESALE001/PRESALE001_A0029.jpeg,845,474,layout_reference|photo_or_illustration|real_estate_scene|smart_device|养老|客户方案|智能硬件|服务流程,#32404d|#394754|#313f4c|#33414e|#34424f,展示音箱、手表、检测设备、安防传感器、IoT联动方案,平安居家养老提供全场景服务，为长者提供高品质的养老服务 3% 2033年 60岁以上人口 90% 7% 4亿 居家养老 机构养老 社区养老 “9073”养老格局 老人舒心 •核心区位、七星设施 全场景的服务 •专属定制: 科学测评定制个性方案 •全面服务: 10大场景，覆盖医食住 行等一站式服务 •1+N管家、国际标准 当前血压正常 子女放心 •七维健康、精
PRESALE001_A0034,智能硬件/设备图,PRESALE001,居家养老政企合作版,202409_平安居家养老介绍_[政企合作版].pdf,7,07_售前材料规范与素材库/assets/PRESALE001/PRESALE001_A0034.jpeg,634,299,photo_or_illustration|real_estate_scene|smart_device|养老|客户方案|智能硬件|服务流程,#8cbbd5|#6c5d56|#a0918a|#cebfbc|#a1928b,展示音箱、手表、检测设备、安防传感器、IoT联动方案,平安居家养老提供全场景服务，为长者提供高品质的养老服务 3% 2033年 60岁以上人口 90% 7% 4亿 居家养老 机构养老 社区养老 “9073”养老格局 老人舒心 •核心区位、七星设施 全场景的服务 •专属定制: 科学测评定制个性方案 •全面服务: 10大场景，覆盖医食住 行等一站式服务 •1+N管家、国际标准 当前血压正常 子女放心 •七维健康、精
PRESALE001_A0103,智能硬件/设备图,PRESALE001,居家养老政企合作版,202409_平安居家养老介绍_[政企合作版].pdf,11,07_售前材料规范与素材库/assets/PRESALE001/PRESALE001_A0103.jpeg,490,238,medical_service|photo_or_illustration|smart_device|企业健康|养老|客户方案|智能硬件|服务流程,#f58941|#f58940|#f48a40|#7a4321|#ff8e3d,展示音箱、手表、检测设备、安防传感器、IoT联动方案,依托三位一体管家优势服务体系，对老人开展一跟到底主动关怀服务 重点进展 核心策略 智能管家 生活管家 医生管家 7*24h守护陪伴实时响应 平安管 服务 一站式安排数百项服务 定制养老服务建议方案 多领域专家支持 多渠道实时联系 智能音箱2.0全面升级 数十个设备核心场景体验 一键响应 一管终生 一跟到底 年服务80万+人次 打造医生+健康管理师模式 医生接
PRESALE001_A0105,智能硬件/设备图,PRESALE001,居家养老政企合作版,202409_平安居家养老介绍_[政企合作版].pdf,11,07_售前材料规范与素材库/assets/PRESALE001/PRESALE001_A0105.jpeg,490,238,medical_service|photo_or_illustration|smart_device|企业健康|养老|客户方案|智能硬件|服务流程,#f58941|#f58940|#f48a40|#ff8d3d|#774121,展示音箱、手表、检测设备、安防传感器、IoT联动方案,依托三位一体管家优势服务体系，对老人开展一跟到底主动关怀服务 重点进展 核心策略 智能管家 生活管家 医生管家 7*24h守护陪伴实时响应 平安管 服务 一站式安排数百项服务 定制养老服务建议方案 多领域专家支持 多渠道实时联系 智能音箱2.0全面升级 数十个设备核心场景体验 一键响应 一管终生 一跟到底 年服务80万+人次 打造医生+健康管理师模式 医生接
PRESALE001_A0107,智能硬件/设备图,PRESALE001,居家养老政企合作版,202409_平安居家养老介绍_[政企合作版].pdf,11,07_售前材料规范与素材库/assets/PRESALE001/PRESALE001_A0107.jpeg,490,238,medical_service|photo_or_illustration|smart_device|企业健康|养老|客户方案|智能硬件|服务流程,#f58941|#be6a35|#ff8c3d|#f6883f|#ff8c3e,展示音箱、手表、检测设备、安防传感器、IoT联动方案,依托三位一体管家优势服务体系，对老人开展一跟到底主动关怀服务 重点进展 核心策略 智能管家 生活管家 医生管家 7*24h守护陪伴实时响应 平安管 服务 一站式安排数百项服务 定制养老服务建议方案 多领域专家支持 多渠道实时联系 智能音箱2.0全面升级 数十个设备核心场景体验 一键响应 一管终生 一跟到底 年服务80万+人次 打造医生+健康管理师模式 医生接
PRESALE001_A0149,智能硬件/设备图,PRESALE001,居家养老政企合作版,202409_平安居家养老介绍_[政企合作版].pdf,11,07_售前材料规范与素材库/assets/PRESALE001/PRESALE001_A0149.jpeg,917,372,medical_service|photo_or_illustration|smart_device|企业健康|养老|客户方案|智能硬件|服务流程,#753a1f|#feede3|#f9f1ea|#f15510|#4e1e09,展示音箱、手表、检测设备、安防传感器、IoT联动方案,依托三位一体管家优势服务体系，对老人开展一跟到底主动关怀服务 重点进展 核心策略 智能管家 生活管家 医生管家 7*24h守护陪伴实时响应 平安管 服务 一站式安排数百项服务 定制养老服务建议方案 多领域专家支持 多渠道实时联系 智能音箱2.0全面升级 数十个设备核心场景体验 一键响应 一管终生 一跟到底 年服务80万+人次 打造医生+健康管理师模式 医生接
PRESALE001_A0150,智能硬件/设备图,PRESALE001,居家养老政企合作版,202409_平安居家养老介绍_[政企合作版].pdf,11,07_售前材料规范与素材库/assets/PRESALE001/PRESALE001_A0150.jpeg,917,372,medical_service|photo_or_illustration|smart_device|企业健康|养老|客户方案|平安橙|智能硬件|服务流程,#4c1f0d|#7a3013|#f5d5c2|#ef550b|#e97c47,展示音箱、手表、检测设备、安防传感器、IoT联动方案,依托三位一体管家优势服务体系，对老人开展一跟到底主动关怀服务 重点进展 核心策略 智能管家 生活管家 医生管家 7*24h守护陪伴实时响应 平安管 服务 一站式安排数百项服务 定制养老服务建议方案 多领域专家支持 多渠道实时联系 智能音箱2.0全面升级 数十个设备核心场景体验 一键响应 一管终生 一跟到底 年服务80万+人次 打造医生+健康管理师模式 医生接
PRESALE001_A0293,智能硬件/设备图,PRESALE001,居家养老政企合作版,202409_平安居家养老介绍_[政企合作版].pdf,24,07_售前材料规范与素材库/assets/PRESALE001/PRESALE001_A0293.jpeg,426,266,medical_service|photo_or_illustration|product_package|smart_device|互联网医疗|养老|客户方案|智能硬件|服务流程,#2477a3|#2578a4|#2a79a4|#2b7aa5|#2f78a5,展示音箱、手表、检测设备、安防传感器、IoT联动方案,会员权益：智能音箱搭载平安医养应用，链接线上线下医疗养老服务资源 1 2 3 4 语音 交互 影音 娱乐 养老 服务 家庭 医生 • 足不出户享受家庭医生问诊开药 • 科学指导居家慢病管理、康复治疗 • 链接优质线下体检、就医资源 医疗健康 • 大屏交互适老设计体验好（建 议8寸音箱），支持一键投屏 电视 • 专为老人设计的丰富内容资源 乐享生活 • 提供“
PRESALE001_A0299,移动端/履约截图,PRESALE001,居家养老政企合作版,202409_平安居家养老介绍_[政企合作版].pdf,25,07_售前材料规范与素材库/assets/PRESALE001/PRESALE001_A0299.jpeg,439,963,case_reference|mobile_ui_screenshot|photo_or_illustration|product_package|service_flow|互联网医疗|客户方案|服务流程,#f5f5f5|#f8f8f8|#f1f8fc|#f6f6ff|#f9faf8,展示APP、小程序、权益领取、履约路径或客户侧页面,会员权益 [案例]：平安为中国移动全球通客户提供尊享健康礼遇权益 平安健康以权益赠送的模式为移动全球通用户提供在线健康服务权益，用户在中国移 动APP全球通专区领取权益后，登录平安健康APP或小程序进行服务履约。全年共有约80万全 球通用户领取了平安健康尊享礼遇权益 合作背景 合作内容 2020年12月，中国移动为了重新塑造全球通的高端品牌形象，提升品牌知名
PRESALE001_A0300,移动端/履约截图,PRESALE001,居家养老政企合作版,202409_平安居家养老介绍_[政企合作版].pdf,25,07_售前材料规范与素材库/assets/PRESALE001/PRESALE001_A0300.jpeg,333,690,case_reference|mobile_ui_screenshot|photo_or_illustration|product_package|service_flow|互联网医疗|客户方案|服务流程,#1e1f23|#1d1e22|#333335|#1c1d21|#333237,展示APP、小程序、权益领取、履约路径或客户侧页面,会员权益 [案例]：平安为中国移动全球通客户提供尊享健康礼遇权益 平安健康以权益赠送的模式为移动全球通用户提供在线健康服务权益，用户在中国移 动APP全球通专区领取权益后，登录平安健康APP或小程序进行服务履约。全年共有约80万全 球通用户领取了平安健康尊享礼遇权益 合作背景 合作内容 2020年12月，中国移动为了重新塑造全球通的高端品牌形象，提升品牌知名
PRESALE001_A0303,智能硬件/设备图,PRESALE001,居家养老政企合作版,202409_平安居家养老介绍_[政企合作版].pdf,26,07_售前材料规范与素材库/assets/PRESALE001/PRESALE001_A0303.jpeg,229,494,medical_service|photo_or_illustration|product_package|smart_device|互联网医疗|企业健康|养老|客户方案|平安橙|智能硬件|服务流程,#02d4b7|#fafafa|#7f7f7f|#f9f9f9|#818184,展示音箱、手表、检测设备、安防传感器、IoT联动方案,产品+服务：为产品配套差异化服务，减少贵公司自建医养服务能力的投入 缺权益 1 2 3 4 产品/设备 客户相关服务 相关服务 客户数据经营 家电产品、智能设备、健康监 测设备、可穿戴设备、健康食 品、照护服务等…… 健康管理、问诊就医、营养管理、 睡眠管理、运动管理、家政服务、 康复护理、文娱服务等…… 家电清洗、设备维修、 营养师服务等…… 持续的客户健
PRESALE001_A0304,智能硬件/设备图,PRESALE001,居家养老政企合作版,202409_平安居家养老介绍_[政企合作版].pdf,26,07_售前材料规范与素材库/assets/PRESALE001/PRESALE001_A0304.jpeg,301,586,medical_service|photo_or_illustration|product_package|smart_device|互联网医疗|企业健康|养老|客户方案|智能硬件|服务流程,#2b2b2b|#0e0e0e|#565656|#0b0b0b|#5a5a5a,展示音箱、手表、检测设备、安防传感器、IoT联动方案,产品+服务：为产品配套差异化服务，减少贵公司自建医养服务能力的投入 缺权益 1 2 3 4 产品/设备 客户相关服务 相关服务 客户数据经营 家电产品、智能设备、健康监 测设备、可穿戴设备、健康食 品、照护服务等…… 健康管理、问诊就医、营养管理、 睡眠管理、运动管理、家政服务、 康复护理、文娱服务等…… 家电清洗、设备维修、 营养师服务等…… 持续的客户健
PRESALE001_A0308,智能硬件/设备图,PRESALE001,居家养老政企合作版,202409_平安居家养老介绍_[政企合作版].pdf,27,07_售前材料规范与素材库/assets/PRESALE001/PRESALE001_A0308.jpeg,461,286,photo_or_illustration|smart_device|养老|客户方案|智能硬件|服务流程,#aaaaaa|#8e8e8e|#5c5c5c|#5a5a5a|#545454,展示音箱、手表、检测设备、安防传感器、IoT联动方案,产品+服务+科技：平安医疗科技能力加持，助力您的经营降本增效 • AI评估：病情评估、 生成个性化量表、智 能拍照评估，北大康 复认可 • 方案确认： AI生成 康复方案、确认照护 计划 AI护理系统 • 餐食点评：慢病场景， 总人均服务成本降低 40%，管理达标率78% • 血压点评：OCR自动 识别给到建议 • 体重点评：点评采纳 率＞85% AI慢病社
PRESALE001_A0310,智能硬件/设备图,PRESALE001,居家养老政企合作版,202409_平安居家养老介绍_[政企合作版].pdf,27,07_售前材料规范与素材库/assets/PRESALE001/PRESALE001_A0310.jpeg,573,1153,photo_or_illustration|smart_device|养老|客户方案|平安橙|智能硬件|服务流程,#f7f7f7|#f8f8f8|#f9f9f9|#fafafa|#f7fbfb,展示音箱、手表、检测设备、安防传感器、IoT联动方案,产品+服务+科技：平安医疗科技能力加持，助力您的经营降本增效 • AI评估：病情评估、 生成个性化量表、智 能拍照评估，北大康 复认可 • 方案确认： AI生成 康复方案、确认照护 计划 AI护理系统 • 餐食点评：慢病场景， 总人均服务成本降低 40%，管理达标率78% • 血压点评：OCR自动 识别给到建议 • 体重点评：点评采纳 率＞85% AI慢病社
PRESALE001_A0315,智能硬件/设备图,PRESALE001,居家养老政企合作版,202409_平安居家养老介绍_[政企合作版].pdf,27,07_售前材料规范与素材库/assets/PRESALE001/PRESALE001_A0315.jpeg,374,348,photo_or_illustration|smart_device|养老|客户方案|智能硬件|服务流程,#f7f7f7|#f7ece5|#fbfcfa|#c3c3c3|#f5e8de,展示音箱、手表、检测设备、安防传感器、IoT联动方案,产品+服务+科技：平安医疗科技能力加持，助力您的经营降本增效 • AI评估：病情评估、 生成个性化量表、智 能拍照评估，北大康 复认可 • 方案确认： AI生成 康复方案、确认照护 计划 AI护理系统 • 餐食点评：慢病场景， 总人均服务成本降低 40%，管理达标率78% • 血压点评：OCR自动 识别给到建议 • 体重点评：点评采纳 率＞85% AI慢病社
PRESALE001_A0318,智能硬件/设备图,PRESALE001,居家养老政企合作版,202409_平安居家养老介绍_[政企合作版].pdf,27,07_售前材料规范与素材库/assets/PRESALE001/PRESALE001_A0318.jpeg,260,485,photo_or_illustration|smart_device|养老|客户方案|智能硬件|服务流程,#4bff53|#0d190e|#4eff53|#4dff55|#49e351,展示音箱、手表、检测设备、安防传感器、IoT联动方案,产品+服务+科技：平安医疗科技能力加持，助力您的经营降本增效 • AI评估：病情评估、 生成个性化量表、智 能拍照评估，北大康 复认可 • 方案确认： AI生成 康复方案、确认照护 计划 AI护理系统 • 餐食点评：慢病场景， 总人均服务成本降低 40%，管理达标率78% • 血压点评：OCR自动 识别给到建议 • 体重点评：点评采纳 率＞85% AI慢病社
PRESALE001_A0319,智能硬件/设备图,PRESALE001,居家养老政企合作版,202409_平安居家养老介绍_[政企合作版].pdf,27,07_售前材料规范与素材库/assets/PRESALE001/PRESALE001_A0319.jpeg,332,549,photo_or_illustration|smart_device|养老|客户方案|平安橙|智能硬件|服务流程,#bcbbb9|#fafafa|#f8f8f8|#f6f6f6|#bbbab8,展示音箱、手表、检测设备、安防传感器、IoT联动方案,产品+服务+科技：平安医疗科技能力加持，助力您的经营降本增效 • AI评估：病情评估、 生成个性化量表、智 能拍照评估，北大康 复认可 • 方案确认： AI生成 康复方案、确认照护 计划 AI护理系统 • 餐食点评：慢病场景， 总人均服务成本降低 40%，管理达标率78% • 血压点评：OCR自动 识别给到建议 • 体重点评：点评采纳 率＞85% AI慢病社
PRESALE001_A0320,智能硬件/设备图,PRESALE001,居家养老政企合作版,202409_平安居家养老介绍_[政企合作版].pdf,27,07_售前材料规范与素材库/assets/PRESALE001/PRESALE001_A0320.jpeg,462,286,photo_or_illustration|smart_device|养老|客户方案|智能硬件|服务流程,#aaaaaa|#8e8e8e|#5c5c5c|#5a5a5a|#545454,展示音箱、手表、检测设备、安防传感器、IoT联动方案,产品+服务+科技：平安医疗科技能力加持，助力您的经营降本增效 • AI评估：病情评估、 生成个性化量表、智 能拍照评估，北大康 复认可 • 方案确认： AI生成 康复方案、确认照护 计划 AI护理系统 • 餐食点评：慢病场景， 总人均服务成本降低 40%，管理达标率78% • 血压点评：OCR自动 识别给到建议 • 体重点评：点评采纳 率＞85% AI慢病社
PRESALE001_A0348,智能硬件/设备图,PRESALE001,居家养老政企合作版,202409_平安居家养老介绍_[政企合作版].pdf,28,07_售前材料规范与素材库/assets/PRESALE001/PRESALE001_A0348.jpeg,468,311,case_reference|medical_service|photo_or_illustration|product_package|smart_device|互联网医疗|企业健康|客户方案|智能硬件|服务流程,#ff6501|#ff7010|#ff7113|#ff6f0f|#fe6905,展示音箱、手表、检测设备、安防传感器、IoT联动方案,产品+[案例]：华为数据监测+服务实现服务闭环，产品销量大幅提升 80+万 用户领取健康服务权益 权益激活率超80% 99.5% 用户对家庭医生给出五星好评 评价关键词：耐心、回复及时、热情、专业 手表销售超100万台，远超市场预期 目前配套至非凡大师等多款手表，逐步成为华 为穿戴设备的服务标配 50万+ 用户签约专属家庭医生 家庭医生签约率超60%。成为华
PRESALE001_A0354,智能硬件/设备图,PRESALE001,居家养老政企合作版,202409_平安居家养老介绍_[政企合作版].pdf,29,07_售前材料规范与素材库/assets/PRESALE001/PRESALE001_A0354.jpeg,468,311,medical_service|photo_or_illustration|product_package|smart_device|互联网医疗|养老|客户方案|智能硬件|服务流程,#ff6501|#ff7010|#0e0600|#ff6f0f|#ff7113,展示音箱、手表、检测设备、安防传感器、IoT联动方案,服务/商品分销：为您的客户提供医疗养老领域最优质的产品服务 普适所有客户 缺权益 1 2 3 4 适合子女客户 适合老人/机构客户 孝心宝 ·守护父母健康 管家+医生+3重守护 居家养老智能音箱 文娱+健康场景丰富 视频问诊，健康无忧 文娱交互，乐享颐年 养老商城，尊享服务 康复护理 厨师上门 艾灸 。。。 日常保洁 精细擦窗 做饭钟点工 推拿按摩 养老生活
PRESALE001_A0356,智能硬件/设备图,PRESALE001,居家养老政企合作版,202409_平安居家养老介绍_[政企合作版].pdf,29,07_售前材料规范与素材库/assets/PRESALE001/PRESALE001_A0356.jpeg,256,452,medical_service|photo_or_illustration|product_package|smart_device|互联网医疗|养老|客户方案|智能硬件|服务流程,#ebf7f3|#f6fcfa|#dff2ee|#e2f2ef|#eaf6f2,展示音箱、手表、检测设备、安防传感器、IoT联动方案,服务/商品分销：为您的客户提供医疗养老领域最优质的产品服务 普适所有客户 缺权益 1 2 3 4 适合子女客户 适合老人/机构客户 孝心宝 ·守护父母健康 管家+医生+3重守护 居家养老智能音箱 文娱+健康场景丰富 视频问诊，健康无忧 文娱交互，乐享颐年 养老商城，尊享服务 康复护理 厨师上门 艾灸 。。。 日常保洁 精细擦窗 做饭钟点工 推拿按摩 养老生活
PRESALE001_A0358,智能硬件/设备图,PRESALE001,居家养老政企合作版,202409_平安居家养老介绍_[政企合作版].pdf,29,07_售前材料规范与素材库/assets/PRESALE001/PRESALE001_A0358.jpeg,1078,133,banner_or_strip|medical_service|product_package|smart_device|互联网医疗|养老|客户方案|平安橙|智能硬件|服务流程,#ef6330|#0f0501|#6e2d15|#1d0a03|#f56732,展示音箱、手表、检测设备、安防传感器、IoT联动方案,服务/商品分销：为您的客户提供医疗养老领域最优质的产品服务 普适所有客户 缺权益 1 2 3 4 适合子女客户 适合老人/机构客户 孝心宝 ·守护父母健康 管家+医生+3重守护 居家养老智能音箱 文娱+健康场景丰富 视频问诊，健康无忧 文娱交互，乐享颐年 养老商城，尊享服务 康复护理 厨师上门 艾灸 。。。 日常保洁 精细擦窗 做饭钟点工 推拿按摩 养老生活
PRESALE001_A0361,智能硬件/设备图,PRESALE001,居家养老政企合作版,202409_平安居家养老介绍_[政企合作版].pdf,29,07_售前材料规范与素材库/assets/PRESALE001/PRESALE001_A0361.jpeg,738,1547,medical_service|photo_or_illustration|product_package|smart_device|互联网医疗|养老|客户方案|平安橙|智能硬件|服务流程,#ededed|#f9f9f9|#f8f8f8|#fafafa|#ececec,展示音箱、手表、检测设备、安防传感器、IoT联动方案,服务/商品分销：为您的客户提供医疗养老领域最优质的产品服务 普适所有客户 缺权益 1 2 3 4 适合子女客户 适合老人/机构客户 孝心宝 ·守护父母健康 管家+医生+3重守护 居家养老智能音箱 文娱+健康场景丰富 视频问诊，健康无忧 文娱交互，乐享颐年 养老商城，尊享服务 康复护理 厨师上门 艾灸 。。。 日常保洁 精细擦窗 做饭钟点工 推拿按摩 养老生活
PRESALE001_A0362,智能硬件/设备图,PRESALE001,居家养老政企合作版,202409_平安居家养老介绍_[政企合作版].pdf,29,07_售前材料规范与素材库/assets/PRESALE001/PRESALE001_A0362.jpeg,768,1547,medical_service|photo_or_illustration|product_package|smart_device|互联网医疗|养老|客户方案|智能硬件|服务流程,#edecea|#f7f7f6|#f9f9f9|#fbfbfa|#f7f7f7,展示音箱、手表、检测设备、安防传感器、IoT联动方案,服务/商品分销：为您的客户提供医疗养老领域最优质的产品服务 普适所有客户 缺权益 1 2 3 4 适合子女客户 适合老人/机构客户 孝心宝 ·守护父母健康 管家+医生+3重守护 居家养老智能音箱 文娱+健康场景丰富 视频问诊，健康无忧 文娱交互，乐享颐年 养老商城，尊享服务 康复护理 厨师上门 艾灸 。。。 日常保洁 精细擦窗 做饭钟点工 推拿按摩 养老生活
PRESALE002_A0009,图标/Logo,PRESALE002,企业补充医疗营销材料,中国平安企业健康保障计划（企业补充医疗）营销材料_2025年3月版.pdf,3,07_售前材料规范与素材库/assets/PRESALE002/PRESALE002_A0009.jpeg,1332,68,icon_or_logo|互联网医疗|企业健康|养老|客户方案|服务流程|补充医疗,#dbdbdb|#c4c4c4|#dddddd|#686868|#c1c1c1,用于能力模块、流程节点、客户/生态标识,3 通过一体化支付与服务平台，为企业员工提供主动式医疗管理，保障员工健康与福利 中国平安企业健康保障计划 近40年保险、健康管理、医疗养老行业专业经验，拥有全球最大的五大医疗数据库，覆盖 医疗产品、药品药械、处方治疗、超10万种疾病等数据资源 专业行业经验 以北大国际医疗集团为核心的全球医疗网络，包括但不限于梅奥、麻省总院、克利夫兰医 学中心、日本癌研有明医
PRESALE002_A0011,场景照片/插画,PRESALE002,企业补充医疗营销材料,中国平安企业健康保障计划（企业补充医疗）营销材料_2025年3月版.pdf,5,07_售前材料规范与素材库/assets/PRESALE002/PRESALE002_A0011.jpeg,474,600,photo_or_illustration|企业健康|服务流程|补充医疗,#e9eef1|#e5edf0|#e4ecef|#ecf0f1|#e4ebf5,用于封面、行业痛点、客户场景、医养服务场景,5 01 服务特色 5 企业员工面临的健康管理挑战 平安企业健康保障计划的优势
PRESALE002_A0013,场景照片/插画,PRESALE002,企业补充医疗营销材料,中国平安企业健康保障计划（企业补充医疗）营销材料_2025年3月版.pdf,6,07_售前材料规范与素材库/assets/PRESALE002/PRESALE002_A0013.jpeg,491,442,medical_service|photo_or_illustration|企业健康|补充医疗,#262626|#2a2a2a|#272727|#2d2d2d|#2c2c2c,用于封面、行业痛点、客户场景、医养服务场景,6 寻医难 优质医疗资源稀缺 找好医生难，找合适的好医生更难 费心 费时 费钱 会诊难 复杂疾病“跨病种、跨学科” 组织联合会诊难 诊前难预约 工作繁忙，难以在合适时间约到 合适医生，耽误疾病诊断治疗 诊中缺指导 有病乱寻医 缺乏专业二诊专家意见 诊后无追踪 诊后缺乏专业、系统的指导与追踪 复诊难、随访难，康复效果差 过度诊疗 过度检查、过度诊断 造成不必要
PRESALE002_A0014,场景照片/插画,PRESALE002,企业补充医疗营销材料,中国平安企业健康保障计划（企业补充医疗）营销材料_2025年3月版.pdf,6,07_售前材料规范与素材库/assets/PRESALE002/PRESALE002_A0014.jpeg,450,454,medical_service|photo_or_illustration|企业健康|补充医疗,#5d5d5d|#5e5e5e|#5c5c5c|#5b5b5b|#5a5a5a,用于封面、行业痛点、客户场景、医养服务场景,6 寻医难 优质医疗资源稀缺 找好医生难，找合适的好医生更难 费心 费时 费钱 会诊难 复杂疾病“跨病种、跨学科” 组织联合会诊难 诊前难预约 工作繁忙，难以在合适时间约到 合适医生，耽误疾病诊断治疗 诊中缺指导 有病乱寻医 缺乏专业二诊专家意见 诊后无追踪 诊后缺乏专业、系统的指导与追踪 复诊难、随访难，康复效果差 过度诊疗 过度检查、过度诊断 造成不必要
PRESALE002_A0015,场景照片/插画,PRESALE002,企业补充医疗营销材料,中国平安企业健康保障计划（企业补充医疗）营销材料_2025年3月版.pdf,6,07_售前材料规范与素材库/assets/PRESALE002/PRESALE002_A0015.jpeg,400,467,medical_service|photo_or_illustration|企业健康|补充医疗,#313236|#333438|#4b4c4e|#38393b|#343537,用于封面、行业痛点、客户场景、医养服务场景,6 寻医难 优质医疗资源稀缺 找好医生难，找合适的好医生更难 费心 费时 费钱 会诊难 复杂疾病“跨病种、跨学科” 组织联合会诊难 诊前难预约 工作繁忙，难以在合适时间约到 合适医生，耽误疾病诊断治疗 诊中缺指导 有病乱寻医 缺乏专业二诊专家意见 诊后无追踪 诊后缺乏专业、系统的指导与追踪 复诊难、随访难，康复效果差 过度诊疗 过度检查、过度诊断 造成不必要
PRESALE002_A0017,场景照片/插画,PRESALE002,企业补充医疗营销材料,中国平安企业健康保障计划（企业补充医疗）营销材料_2025年3月版.pdf,7,07_售前材料规范与素材库/assets/PRESALE002/PRESALE002_A0017.jpeg,439,433,medical_service|photo_or_illustration|互联网医疗|企业健康|养老|服务流程|补充医疗,#dfdbd8|#e0dfdb|#deddd9|#dddcd8|#e1e0dc,用于封面、行业痛点、客户场景、医养服务场景,7 省心 省时 省钱 名医服务 以北大国际医疗为核心，覆盖海内外名医 随时随地按需提供服务 联合会诊 汇集国内外权威专家会诊、二诊 解决复杂疾病诊治难题 到线服务 专属家医团队， 7x24小时在线响应 到家服务 安全应急服务、暖心上门服务、护工 24小时陪伴 到企服务 名医诊断、到企讲座、企业医务室， 打造活力职场 服务体系 整合护联体、住联体、医联体 保障
PRESALE002_A0018,场景照片/插画,PRESALE002,企业补充医疗营销材料,中国平安企业健康保障计划（企业补充医疗）营销材料_2025年3月版.pdf,7,07_售前材料规范与素材库/assets/PRESALE002/PRESALE002_A0018.jpeg,636,216,medical_service|photo_or_illustration|互联网医疗|企业健康|养老|平安橙|服务流程|补充医疗,#f05b23|#fbccba|#f6a587|#f27c4e|#f37a4d,用于封面、行业痛点、客户场景、医养服务场景,7 省心 省时 省钱 名医服务 以北大国际医疗为核心，覆盖海内外名医 随时随地按需提供服务 联合会诊 汇集国内外权威专家会诊、二诊 解决复杂疾病诊治难题 到线服务 专属家医团队， 7x24小时在线响应 到家服务 安全应急服务、暖心上门服务、护工 24小时陪伴 到企服务 名医诊断、到企讲座、企业医务室， 打造活力职场 服务体系 整合护联体、住联体、医联体 保障
PRESALE002_A0019,场景照片/插画,PRESALE002,企业补充医疗营销材料,中国平安企业健康保障计划（企业补充医疗）营销材料_2025年3月版.pdf,7,07_售前材料规范与素材库/assets/PRESALE002/PRESALE002_A0019.jpeg,445,421,medical_service|photo_or_illustration|互联网医疗|企业健康|养老|服务流程|补充医疗,#f6f5fb|#f8f7fd|#edf1fa|#f8f7fc|#edf1fc,用于封面、行业痛点、客户场景、医养服务场景,7 省心 省时 省钱 名医服务 以北大国际医疗为核心，覆盖海内外名医 随时随地按需提供服务 联合会诊 汇集国内外权威专家会诊、二诊 解决复杂疾病诊治难题 到线服务 专属家医团队， 7x24小时在线响应 到家服务 安全应急服务、暖心上门服务、护工 24小时陪伴 到企服务 名医诊断、到企讲座、企业医务室， 打造活力职场 服务体系 整合护联体、住联体、医联体 保障
PRESALE002_A0020,场景照片/插画,PRESALE002,企业补充医疗营销材料,中国平安企业健康保障计划（企业补充医疗）营销材料_2025年3月版.pdf,7,07_售前材料规范与素材库/assets/PRESALE002/PRESALE002_A0020.jpeg,636,216,medical_service|photo_or_illustration|互联网医疗|企业健康|养老|平安橙|服务流程|补充医疗,#f05b23|#f16532|#f8b89d|#f6a587|#f06733,用于封面、行业痛点、客户场景、医养服务场景,7 省心 省时 省钱 名医服务 以北大国际医疗为核心，覆盖海内外名医 随时随地按需提供服务 联合会诊 汇集国内外权威专家会诊、二诊 解决复杂疾病诊治难题 到线服务 专属家医团队， 7x24小时在线响应 到家服务 安全应急服务、暖心上门服务、护工 24小时陪伴 到企服务 名医诊断、到企讲座、企业医务室， 打造活力职场 服务体系 整合护联体、住联体、医联体 保障
PRESALE002_A0022,场景照片/插画,PRESALE002,企业补充医疗营销材料,中国平安企业健康保障计划（企业补充医疗）营销材料_2025年3月版.pdf,7,07_售前材料规范与素材库/assets/PRESALE002/PRESALE002_A0022.jpeg,434,422,medical_service|photo_or_illustration|互联网医疗|企业健康|养老|平安橙|服务流程|补充医疗,#0f0f0f|#fafafa|#0b0b0b|#131313|#0e0e0e,用于封面、行业痛点、客户场景、医养服务场景,7 省心 省时 省钱 名医服务 以北大国际医疗为核心，覆盖海内外名医 随时随地按需提供服务 联合会诊 汇集国内外权威专家会诊、二诊 解决复杂疾病诊治难题 到线服务 专属家医团队， 7x24小时在线响应 到家服务 安全应急服务、暖心上门服务、护工 24小时陪伴 到企服务 名医诊断、到企讲座、企业医务室， 打造活力职场 服务体系 整合护联体、住联体、医联体 保障
PRESALE002_A0023,场景照片/插画,PRESALE002,企业补充医疗营销材料,中国平安企业健康保障计划（企业补充医疗）营销材料_2025年3月版.pdf,7,07_售前材料规范与素材库/assets/PRESALE002/PRESALE002_A0023.jpeg,636,216,medical_service|photo_or_illustration|互联网医疗|企业健康|养老|平安橙|服务流程|补充医疗,#f05b23|#f5926b|#f27c4e|#f48861|#f16532,用于封面、行业痛点、客户场景、医养服务场景,7 省心 省时 省钱 名医服务 以北大国际医疗为核心，覆盖海内外名医 随时随地按需提供服务 联合会诊 汇集国内外权威专家会诊、二诊 解决复杂疾病诊治难题 到线服务 专属家医团队， 7x24小时在线响应 到家服务 安全应急服务、暖心上门服务、护工 24小时陪伴 到企服务 名医诊断、到企讲座、企业医务室， 打造活力职场 服务体系 整合护联体、住联体、医联体 保障
PRESALE002_A0033,场景照片/插画,PRESALE002,企业补充医疗营销材料,中国平安企业健康保障计划（企业补充医疗）营销材料_2025年3月版.pdf,8,07_售前材料规范与素材库/assets/PRESALE002/PRESALE002_A0033.jpeg,500,333,medical_service|photo_or_illustration|企业健康|客户方案|服务流程,#dad2c5|#d7cfc2|#d9d1c4|#d8d0c3|#dbd3c6,用于封面、行业痛点、客户场景、医养服务场景,8 名医服务 省心 省时 省钱 • 全球权威医生网络：以北大国际医疗集团为核心， 覆盖全国、属地医学会首长保健医生、院士、国 医大师、国际名医近3000名 • 精选专属保健团队：专属家庭医生团队，提供专 业化的健康管理、亚健康管理（情绪、睡眠、运 动、减肥、女士专项等）、慢病管理、重疾管理、 康复治疗、心理咨询、中医调理等服务 一键支付 联合会诊 • 海内外
PRESALE002_A0034,场景照片/插画,PRESALE002,企业补充医疗营销材料,中国平安企业健康保障计划（企业补充医疗）营销材料_2025年3月版.pdf,8,07_售前材料规范与素材库/assets/PRESALE002/PRESALE002_A0034.jpeg,758,443,medical_service|photo_or_illustration|企业健康|客户方案|服务流程,#f2f3f8|#e6eaf6|#f4f5f9|#e3e7f3|#e5e9f5,用于封面、行业痛点、客户场景、医养服务场景,8 名医服务 省心 省时 省钱 • 全球权威医生网络：以北大国际医疗集团为核心， 覆盖全国、属地医学会首长保健医生、院士、国 医大师、国际名医近3000名 • 精选专属保健团队：专属家庭医生团队，提供专 业化的健康管理、亚健康管理（情绪、睡眠、运 动、减肥、女士专项等）、慢病管理、重疾管理、 康复治疗、心理咨询、中医调理等服务 一键支付 联合会诊 • 海内外
PRESALE002_A0049,场景照片/插画,PRESALE002,企业补充医疗营销材料,中国平安企业健康保障计划（企业补充医疗）营销材料_2025年3月版.pdf,9,07_售前材料规范与素材库/assets/PRESALE002/PRESALE002_A0049.jpeg,554,474,medical_service|photo_or_illustration|互联网医疗|企业健康|养老|服务流程,#0b0b0b|#dcdcdc|#f4f4f4|#a8a8a8|#272727,用于封面、行业痛点、客户场景、医养服务场景,9 7x24小时家庭医生团队，由北大 医疗集团旗下医院资质专家医生 组成专属团队，提供线上问诊、 心理咨询、亚健康管理等服务 特色门诊、就医协助，包括就医协助、 导诊陪诊、门诊预约、海内外专家医 生二诊、住院安排，以及海内外名医 名院陪诊、检查、医疗翻译 名医走进企业，开展名医到企诊 断、健康讲座、国医大师号脉面 诊、健康调理等，提供丰富的中 医理疗、按摩等
PRESALE002_A0052,场景照片/插画,PRESALE002,企业补充医疗营销材料,中国平安企业健康保障计划（企业补充医疗）营销材料_2025年3月版.pdf,9,07_售前材料规范与素材库/assets/PRESALE002/PRESALE002_A0052.jpeg,554,390,medical_service|photo_or_illustration|互联网医疗|企业健康|养老|服务流程,#eaeaea|#e7e7e7|#ebebeb|#e8e8e8|#e9e9e9,用于封面、行业痛点、客户场景、医养服务场景,9 7x24小时家庭医生团队，由北大 医疗集团旗下医院资质专家医生 组成专属团队，提供线上问诊、 心理咨询、亚健康管理等服务 特色门诊、就医协助，包括就医协助、 导诊陪诊、门诊预约、海内外专家医 生二诊、住院安排，以及海内外名医 名院陪诊、检查、医疗翻译 名医走进企业，开展名医到企诊 断、健康讲座、国医大师号脉面 诊、健康调理等，提供丰富的中 医理疗、按摩等
PRESALE002_A0053,场景照片/插画,PRESALE002,企业补充医疗营销材料,中国平安企业健康保障计划（企业补充医疗）营销材料_2025年3月版.pdf,9,07_售前材料规范与素材库/assets/PRESALE002/PRESALE002_A0053.jpeg,531,385,medical_service|photo_or_illustration|互联网医疗|企业健康|养老|服务流程,#f4fcfe|#f8fdff|#f7fcff|#f3fbfd|#fafeff,用于封面、行业痛点、客户场景、医养服务场景,9 7x24小时家庭医生团队，由北大 医疗集团旗下医院资质专家医生 组成专属团队，提供线上问诊、 心理咨询、亚健康管理等服务 特色门诊、就医协助，包括就医协助、 导诊陪诊、门诊预约、海内外专家医 生二诊、住院安排，以及海内外名医 名院陪诊、检查、医疗翻译 名医走进企业，开展名医到企诊 断、健康讲座、国医大师号脉面 诊、健康调理等，提供丰富的中 医理疗、按摩等
PRESALE002_A0054,场景照片/插画,PRESALE002,企业补充医疗营销材料,中国平安企业健康保障计划（企业补充医疗）营销材料_2025年3月版.pdf,9,07_售前材料规范与素材库/assets/PRESALE002/PRESALE002_A0054.jpeg,533,377,medical_service|photo_or_illustration|互联网医疗|企业健康|养老|服务流程,#0b0f12|#0a0e11|#0f0f0f|#0c1013|#f7f8fa,用于封面、行业痛点、客户场景、医养服务场景,9 7x24小时家庭医生团队，由北大 医疗集团旗下医院资质专家医生 组成专属团队，提供线上问诊、 心理咨询、亚健康管理等服务 特色门诊、就医协助，包括就医协助、 导诊陪诊、门诊预约、海内外专家医 生二诊、住院安排，以及海内外名医 名院陪诊、检查、医疗翻译 名医走进企业，开展名医到企诊 断、健康讲座、国医大师号脉面 诊、健康调理等，提供丰富的中 医理疗、按摩等
PRESALE002_A0056,场景照片/插画,PRESALE002,企业补充医疗营销材料,中国平安企业健康保障计划（企业补充医疗）营销材料_2025年3月版.pdf,10,07_售前材料规范与素材库/assets/PRESALE002/PRESALE002_A0056.jpeg,679,614,medical_service|photo_or_illustration|service_flow|互联网医疗|客户方案|平安橙|服务流程,#efeef4|#e7e5f0|#eff0f5|#ecedf2|#eeeff4,用于封面、行业痛点、客户场景、医养服务场景,10 到线服务 北大医疗集团旗下医院资质医生，7×24小时为您和家人提供专业、 个性化健康守护 10 全流程一站式服务 不限次图文问诊 01 问诊全天候 7×24小时 | 不限次 | 60秒响应 02 小病解决快 常见疾病答疑解惑 | 在线开药 03 专病可转诊 复杂病情指导| 一键同步 | 免费转诊 01 方案定制化 全方位了解病情 | 制定诊疗方案 02
PRESALE002_A0062,场景照片/插画,PRESALE002,企业补充医疗营销材料,中国平安企业健康保障计划（企业补充医疗）营销材料_2025年3月版.pdf,11,07_售前材料规范与素材库/assets/PRESALE002/PRESALE002_A0062.jpeg,508,614,medical_service|photo_or_illustration|product_package|互联网医疗|养老|服务流程,#ebeaef|#eeedf2|#ecebf0|#e9e8ed|#edecf1,用于封面、行业痛点、客户场景、医养服务场景,11 国5900+家医院 专业陪诊护理随时安排 专业就医陪诊 全国5900+家医院 专业陪诊护理随时安排 极速就医安排 1个工作日内速响应 最快T+1安排门诊预约、检查、床位 1+X体检服务 1个标准套餐 + X个自选加项项目 检后家庭医生解读报告、主动追踪 省心 省时 省钱 到院服务 满分就医协助，时效快、资源广、医生全程护 注：服务覆盖范围以服务页面告知
PRESALE002_A0065,场景照片/插画,PRESALE002,企业补充医疗营销材料,中国平安企业健康保障计划（企业补充医疗）营销材料_2025年3月版.pdf,12,07_售前材料规范与素材库/assets/PRESALE002/PRESALE002_A0065.jpeg,590,800,medical_service|photo_or_illustration|企业健康|平安橙|服务流程,#fcfcfa|#fbfdfa|#fafcfb|#fafcf9|#fbfbf9,用于封面、行业痛点、客户场景、医养服务场景,12 健康补给柜 健康产品随时买 省心 省时 省钱 到企服务 从健康产品购买到名医诊断，为企业员工提供便利、专业服务 注：服务覆盖范围以服务页面告知为准 企业医务室 全天候守护员工健康 健康主题讲座 中医、心理主题现场体验 名医到企诊断 疾病当场专业诊断 健康筛查活动 助力疾病早发现、早预防
PRESALE002_A0069,场景照片/插画,PRESALE002,企业补充医疗营销材料,中国平安企业健康保障计划（企业补充医疗）营销材料_2025年3月版.pdf,12,07_售前材料规范与素材库/assets/PRESALE002/PRESALE002_A0069.jpeg,508,586,medical_service|photo_or_illustration|企业健康|服务流程,#f6f2ef|#f4f0ed|#f3efec|#f3eae5|#f2eeeb,用于封面、行业痛点、客户场景、医养服务场景,12 健康补给柜 健康产品随时买 省心 省时 省钱 到企服务 从健康产品购买到名医诊断，为企业员工提供便利、专业服务 注：服务覆盖范围以服务页面告知为准 企业医务室 全天候守护员工健康 健康主题讲座 中医、心理主题现场体验 名医到企诊断 疾病当场专业诊断 健康筛查活动 助力疾病早发现、早预防
PRESALE002_A0072,场景照片/插画,PRESALE002,企业补充医疗营销材料,中国平安企业健康保障计划（企业补充医疗）营销材料_2025年3月版.pdf,12,07_售前材料规范与素材库/assets/PRESALE002/PRESALE002_A0072.jpeg,489,456,medical_service|photo_or_illustration|企业健康|服务流程,#13140f|#141510|#c1b784|#121210|#12130e,用于封面、行业痛点、客户场景、医养服务场景,12 健康补给柜 健康产品随时买 省心 省时 省钱 到企服务 从健康产品购买到名医诊断，为企业员工提供便利、专业服务 注：服务覆盖范围以服务页面告知为准 企业医务室 全天候守护员工健康 健康主题讲座 中医、心理主题现场体验 名医到企诊断 疾病当场专业诊断 健康筛查活动 助力疾病早发现、早预防
PRESALE002_A0073,场景照片/插画,PRESALE002,企业补充医疗营销材料,中国平安企业健康保障计划（企业补充医疗）营销材料_2025年3月版.pdf,12,07_售前材料规范与素材库/assets/PRESALE002/PRESALE002_A0073.jpeg,558,680,medical_service|photo_or_illustration|企业健康|服务流程,#90a0b0|#91a1b1|#93a3b3|#92a2b2|#8e9faf,用于封面、行业痛点、客户场景、医养服务场景,12 健康补给柜 健康产品随时买 省心 省时 省钱 到企服务 从健康产品购买到名医诊断，为企业员工提供便利、专业服务 注：服务覆盖范围以服务页面告知为准 企业医务室 全天候守护员工健康 健康主题讲座 中医、心理主题现场体验 名医到企诊断 疾病当场专业诊断 健康筛查活动 助力疾病早发现、早预防
PRESALE002_A0075,智能硬件/设备图,PRESALE002,企业补充医疗营销材料,中国平安企业健康保障计划（企业补充医疗）营销材料_2025年3月版.pdf,13,07_售前材料规范与素材库/assets/PRESALE002/PRESALE002_A0075.jpeg,669,614,photo_or_illustration|service_flow|smart_device|养老|智能硬件|服务流程,#e5e4e9|#e6e5ea|#e8e7ec|#e7e6eb|#e2e1e7,展示音箱、手表、检测设备、安防传感器、IoT联动方案,13 13 省心 省时 上门服务，全流程跟进，将健康送到家 省钱 到家服务 注：服务覆盖范围以服务页面告知为准，部分服务需另行付费 康复师上门1V1康复指导 及服务 上门送药 智能守护 安全应急 24小时全国送药上门、 提供按时定期送药服务 智能设备实时监测居家安全 风险，异常预警迅速响应 配套智能守护设备，紧急 情况急速到家，守护长者 居家安全 上门康复
PRESALE002_A0077,智能硬件/设备图,PRESALE002,企业补充医疗营销材料,中国平安企业健康保障计划（企业补充医疗）营销材料_2025年3月版.pdf,13,07_售前材料规范与素材库/assets/PRESALE002/PRESALE002_A0077.jpeg,803,609,photo_or_illustration|service_flow|smart_device|养老|智能硬件|服务流程,#b4afac|#b1abab|#b3aeab|#b3aaa5|#afa9a9,展示音箱、手表、检测设备、安防传感器、IoT联动方案,13 13 省心 省时 上门服务，全流程跟进，将健康送到家 省钱 到家服务 注：服务覆盖范围以服务页面告知为准，部分服务需另行付费 康复师上门1V1康复指导 及服务 上门送药 智能守护 安全应急 24小时全国送药上门、 提供按时定期送药服务 智能设备实时监测居家安全 风险，异常预警迅速响应 配套智能守护设备，紧急 情况急速到家，守护长者 居家安全 上门康复
PRESALE002_A0078,智能硬件/设备图,PRESALE002,企业补充医疗营销材料,中国平安企业健康保障计划（企业补充医疗）营销材料_2025年3月版.pdf,13,07_售前材料规范与素材库/assets/PRESALE002/PRESALE002_A0078.jpeg,431,295,photo_or_illustration|service_flow|smart_device|养老|智能硬件|服务流程,#160402|#fdfef9|#170302|#180403|#150301,展示音箱、手表、检测设备、安防传感器、IoT联动方案,13 13 省心 省时 上门服务，全流程跟进，将健康送到家 省钱 到家服务 注：服务覆盖范围以服务页面告知为准，部分服务需另行付费 康复师上门1V1康复指导 及服务 上门送药 智能守护 安全应急 24小时全国送药上门、 提供按时定期送药服务 智能设备实时监测居家安全 风险，异常预警迅速响应 配套智能守护设备，紧急 情况急速到家，守护长者 居家安全 上门康复
PRESALE002_A0079,智能硬件/设备图,PRESALE002,企业补充医疗营销材料,中国平安企业健康保障计划（企业补充医疗）营销材料_2025年3月版.pdf,13,07_售前材料规范与素材库/assets/PRESALE002/PRESALE002_A0079.jpeg,750,500,layout_reference|photo_or_illustration|service_flow|smart_device|养老|智能硬件|服务流程,#fcfcfa|#fbfcf7|#fdfdfa|#fbfbf9|#e4e0dd,展示音箱、手表、检测设备、安防传感器、IoT联动方案,13 13 省心 省时 上门服务，全流程跟进，将健康送到家 省钱 到家服务 注：服务覆盖范围以服务页面告知为准，部分服务需另行付费 康复师上门1V1康复指导 及服务 上门送药 智能守护 安全应急 24小时全国送药上门、 提供按时定期送药服务 智能设备实时监测居家安全 风险，异常预警迅速响应 配套智能守护设备，紧急 情况急速到家，守护长者 居家安全 上门康复
PRESALE002_A0087,场景照片/插画,PRESALE002,企业补充医疗营销材料,中国平安企业健康保障计划（企业补充医疗）营销材料_2025年3月版.pdf,14,07_售前材料规范与素材库/assets/PRESALE002/PRESALE002_A0087.jpeg,619,460,photo_or_illustration|客户方案|平安橙|服务流程|补充医疗,#fcfcfa|#fbfcf7|#fbfbf9|#fafbf6|#f8f8f0,用于封面、行业痛点、客户场景、医养服务场景,14 建立标准化服务体系 平安牵头与行业共建护联体、住联体、医联 体，统一医养行业服务标准，建立供应商监 督制度，为客户提供高品质、有保障、高性 价比服务 服务体系 省心 省时 省钱 合规保障 确保依法合规、风险可控 按照银保监办发〔2020〕13号文有关规定， 对供应商准入及医疗服务调查、医疗费用 审核及疾病审核、费用支付、额度控制、 发票真伪鉴别等落实严
PRESALE003_A0130,移动端/履约截图,PRESALE003,企康会员产品手册,企康会员产品手册_V9.7_20250310.pdf,35,07_售前材料规范与素材库/assets/PRESALE003/PRESALE003_A0130.jpeg,371,770,mobile_ui_screenshot|photo_or_illustration|product_package|service_flow|互联网医疗|企业健康|服务流程,#f7f7f7|#ededed|#7d7d7d|#939393|#fafafa,展示APP、小程序、权益领取、履约路径或客户侧页面,35 使用流程：服务入口-好福利APP 选择-享健康 点击-企业健康 下载好福利-登录 进入-服务落地页 *以尊享会员为例，后同 **履约页面仅为展示流程样例，实际以线上展示为准
PRESALE003_A0131,移动端/履约截图,PRESALE003,企康会员产品手册,企康会员产品手册_V9.7_20250310.pdf,35,07_售前材料规范与素材库/assets/PRESALE003/PRESALE003_A0131.jpeg,538,1133,mobile_ui_screenshot|photo_or_illustration|product_package|service_flow|互联网医疗|企业健康|服务流程,#f8f8f8|#f5f5f5|#f9f9f9|#f7f7f7|#fafafa,展示APP、小程序、权益领取、履约路径或客户侧页面,35 使用流程：服务入口-好福利APP 选择-享健康 点击-企业健康 下载好福利-登录 进入-服务落地页 *以尊享会员为例，后同 **履约页面仅为展示流程样例，实际以线上展示为准
PRESALE003_A0132,移动端/履约截图,PRESALE003,企康会员产品手册,企康会员产品手册_V9.7_20250310.pdf,35,07_售前材料规范与素材库/assets/PRESALE003/PRESALE003_A0132.jpeg,550,1158,mobile_ui_screenshot|photo_or_illustration|product_package|service_flow|互联网医疗|企业健康|服务流程,#498cff|#4a8dff|#f5f5f5|#f7f7f7|#f9f9f9,展示APP、小程序、权益领取、履约路径或客户侧页面,35 使用流程：服务入口-好福利APP 选择-享健康 点击-企业健康 下载好福利-登录 进入-服务落地页 *以尊享会员为例，后同 **履约页面仅为展示流程样例，实际以线上展示为准
PRESALE003_A0133,移动端/履约截图,PRESALE003,企康会员产品手册,企康会员产品手册_V9.7_20250310.pdf,35,07_售前材料规范与素材库/assets/PRESALE003/PRESALE003_A0133.jpeg,533,1122,mobile_ui_screenshot|photo_or_illustration|product_package|service_flow|互联网医疗|企业健康|平安橙|服务流程,#2b2e3f|#626262|#f0f2f7|#666666|#f7f7f7,展示APP、小程序、权益领取、履约路径或客户侧页面,35 使用流程：服务入口-好福利APP 选择-享健康 点击-企业健康 下载好福利-登录 进入-服务落地页 *以尊享会员为例，后同 **履约页面仅为展示流程样例，实际以线上展示为准
PRESALE003_A0135,移动端/履约截图,PRESALE003,企康会员产品手册,企康会员产品手册_V9.7_20250310.pdf,36,07_售前材料规范与素材库/assets/PRESALE003/PRESALE003_A0135.jpeg,508,1067,mobile_ui_screenshot|photo_or_illustration|product_package|service_flow|互联网医疗|企业健康|服务流程,#f8f8f8|#5c3215|#f9f9f9|#f7f7f7|#fe9341,展示APP、小程序、权益领取、履约路径或客户侧页面,36 使用流程：服务入口-企业宝APP-产福利 *以尊享会员为例，后同 **履约页面仅为展示流程样例，实际以线上展示为准 选择-企业好福利 点击-企业福利 企业宝-更多服务 点击-企业健康 进入-服务落地页
PRESALE003_A0136,移动端/履约截图,PRESALE003,企康会员产品手册,企康会员产品手册_V9.7_20250310.pdf,36,07_售前材料规范与素材库/assets/PRESALE003/PRESALE003_A0136.jpeg,508,1067,mobile_ui_screenshot|photo_or_illustration|product_package|service_flow|互联网医疗|企业健康|服务流程,#f7f7f7|#f8f8f8|#f9f9f9|#535353|#595959,展示APP、小程序、权益领取、履约路径或客户侧页面,36 使用流程：服务入口-企业宝APP-产福利 *以尊享会员为例，后同 **履约页面仅为展示流程样例，实际以线上展示为准 选择-企业好福利 点击-企业福利 企业宝-更多服务 点击-企业健康 进入-服务落地页
PRESALE003_A0137,移动端/履约截图,PRESALE003,企康会员产品手册,企康会员产品手册_V9.7_20250310.pdf,36,07_售前材料规范与素材库/assets/PRESALE003/PRESALE003_A0137.jpeg,508,1067,mobile_ui_screenshot|photo_or_illustration|product_package|service_flow|互联网医疗|企业健康|服务流程,#ff2f25|#f6f6f6|#f4f4f4|#f9f9f9|#525252,展示APP、小程序、权益领取、履约路径或客户侧页面,36 使用流程：服务入口-企业宝APP-产福利 *以尊享会员为例，后同 **履约页面仅为展示流程样例，实际以线上展示为准 选择-企业好福利 点击-企业福利 企业宝-更多服务 点击-企业健康 进入-服务落地页
PRESALE003_A0138,移动端/履约截图,PRESALE003,企康会员产品手册,企康会员产品手册_V9.7_20250310.pdf,36,07_售前材料规范与素材库/assets/PRESALE003/PRESALE003_A0138.jpeg,508,1067,mobile_ui_screenshot|photo_or_illustration|product_package|service_flow|互联网医疗|企业健康|平安橙|服务流程,#f4f4f4|#f7f7f7|#fafafa|#f6f6f6|#f8f8f8,展示APP、小程序、权益领取、履约路径或客户侧页面,36 使用流程：服务入口-企业宝APP-产福利 *以尊享会员为例，后同 **履约页面仅为展示流程样例，实际以线上展示为准 选择-企业好福利 点击-企业福利 企业宝-更多服务 点击-企业健康 进入-服务落地页
PRESALE003_A0139,移动端/履约截图,PRESALE003,企康会员产品手册,企康会员产品手册_V9.7_20250310.pdf,36,07_售前材料规范与素材库/assets/PRESALE003/PRESALE003_A0139.jpeg,508,1067,mobile_ui_screenshot|photo_or_illustration|product_package|service_flow|互联网医疗|企业健康|平安橙|服务流程,#fafafa|#f9f9f9|#505050|#6e6e6e|#2a2d40,展示APP、小程序、权益领取、履约路径或客户侧页面,36 使用流程：服务入口-企业宝APP-产福利 *以尊享会员为例，后同 **履约页面仅为展示流程样例，实际以线上展示为准 选择-企业好福利 点击-企业福利 企业宝-更多服务 点击-企业健康 进入-服务落地页
PRESALE003_A0140,移动端/履约截图,PRESALE003,企康会员产品手册,企康会员产品手册_V9.7_20250310.pdf,37,07_售前材料规范与素材库/assets/PRESALE003/PRESALE003_A0140.jpeg,548,1153,mobile_ui_screenshot|photo_or_illustration|product_package|service_flow|互联网医疗|服务流程,#d4d2d3|#0f0f0f|#dddcdd|#e0e0e0|#f9f7f8,展示APP、小程序、权益领取、履约路径或客户侧页面,37 使用流程：服务入口-平安健康APP 下载平安健康-登录 进入-服务落地页 *以尊享会员为例，后同 **履约页面仅为展示流程样例，实际以线上展示为准 温馨提示： 为了更好的服务体验，平安健康APP的 需要升级至V9.3.0版本
PRESALE003_A0141,移动端/履约截图,PRESALE003,企康会员产品手册,企康会员产品手册_V9.7_20250310.pdf,37,07_售前材料规范与素材库/assets/PRESALE003/PRESALE003_A0141.jpeg,548,1153,mobile_ui_screenshot|photo_or_illustration|product_package|service_flow|互联网医疗|服务流程,#f4f4f4|#0e0e0e|#f9f9f9|#dbecf3|#d4d4d4,展示APP、小程序、权益领取、履约路径或客户侧页面,37 使用流程：服务入口-平安健康APP 下载平安健康-登录 进入-服务落地页 *以尊享会员为例，后同 **履约页面仅为展示流程样例，实际以线上展示为准 温馨提示： 为了更好的服务体验，平安健康APP的 需要升级至V9.3.0版本
PRESALE003_A0143,移动端/履约截图,PRESALE003,企康会员产品手册,企康会员产品手册_V9.7_20250310.pdf,38,07_售前材料规范与素材库/assets/PRESALE003/PRESALE003_A0143.jpeg,586,1237,mobile_ui_screenshot|photo_or_illustration|product_package|service_flow|服务流程,#f9f9f9|#2b2e3f|#f2f4f6|#757575|#919191,展示APP、小程序、权益领取、履约路径或客户侧页面,38 使用流程：开卡礼选择 选择-开卡领权益 *履约页面仅为展示流程样例，实际以线上展示为准 **开卡礼为尊享会员专属 检测仪二选一 兑 换 流 程
PRESALE003_A0149,移动端/履约截图,PRESALE003,企康会员产品手册,企康会员产品手册_V9.7_20250310.pdf,38,07_售前材料规范与素材库/assets/PRESALE003/PRESALE003_A0149.jpeg,508,1067,mobile_ui_screenshot|photo_or_illustration|product_package|service_flow|服务流程,#535353|#5c5c5c|#737373|#f7f7f7|#3f3f3f,展示APP、小程序、权益领取、履约路径或客户侧页面,38 使用流程：开卡礼选择 选择-开卡领权益 *履约页面仅为展示流程样例，实际以线上展示为准 **开卡礼为尊享会员专属 检测仪二选一 兑 换 流 程
PRESALE003_A0150,移动端/履约截图,PRESALE003,企康会员产品手册,企康会员产品手册_V9.7_20250310.pdf,38,07_售前材料规范与素材库/assets/PRESALE003/PRESALE003_A0150.jpeg,508,1067,mobile_ui_screenshot|photo_or_illustration|product_package|service_flow|服务流程,#f3f9f7|#f6f6f6|#eafdf7|#f7f7f7|#f5f5f5,展示APP、小程序、权益领取、履约路径或客户侧页面,38 使用流程：开卡礼选择 选择-开卡领权益 *履约页面仅为展示流程样例，实际以线上展示为准 **开卡礼为尊享会员专属 检测仪二选一 兑 换 流 程
PRESALE003_A0151,移动端/履约截图,PRESALE003,企康会员产品手册,企康会员产品手册_V9.7_20250310.pdf,38,07_售前材料规范与素材库/assets/PRESALE003/PRESALE003_A0151.jpeg,508,1067,mobile_ui_screenshot|photo_or_illustration|product_package|service_flow|平安橙|服务流程,#f2f2f2|#f5f5f5|#fafafa|#f3f3f3|#535353,展示APP、小程序、权益领取、履约路径或客户侧页面,38 使用流程：开卡礼选择 选择-开卡领权益 *履约页面仅为展示流程样例，实际以线上展示为准 **开卡礼为尊享会员专属 检测仪二选一 兑 换 流 程
PRESALE003_A0152,移动端/履约截图,PRESALE003,企康会员产品手册,企康会员产品手册_V9.7_20250310.pdf,38,07_售前材料规范与素材库/assets/PRESALE003/PRESALE003_A0152.jpeg,508,1067,mobile_ui_screenshot|photo_or_illustration|product_package|service_flow|服务流程,#f9f9f9|#d3d3d3|#bdbdbd|#2a2d40|#9f9f9f,展示APP、小程序、权益领取、履约路径或客户侧页面,38 使用流程：开卡礼选择 选择-开卡领权益 *履约页面仅为展示流程样例，实际以线上展示为准 **开卡礼为尊享会员专属 检测仪二选一 兑 换 流 程
PRESALE003_A0153,移动端/履约截图,PRESALE003,企康会员产品手册,企康会员产品手册_V9.7_20250310.pdf,39,07_售前材料规范与素材库/assets/PRESALE003/PRESALE003_A0153.jpeg,467,980,medical_service|mobile_ui_screenshot|photo_or_illustration|product_package|service_flow|服务流程,#4f4f4f|#808080|#474747|#7f7f7f|#dbdbdb,展示APP、小程序、权益领取、履约路径或客户侧页面,39 使用流程： 权益选择 选择-权益待领取 就医无忧 健康守护 *履约页面仅为展示流程样例，实际以线上展示为准 点击问号可看服务介绍
PRESALE003_A0154,移动端/履约截图,PRESALE003,企康会员产品手册,企康会员产品手册_V9.7_20250310.pdf,39,07_售前材料规范与素材库/assets/PRESALE003/PRESALE003_A0154.jpeg,468,980,medical_service|mobile_ui_screenshot|photo_or_illustration|product_package|service_flow|服务流程,#4f4f4f|#808080|#353535|#f5f5f5|#7f7f7f,展示APP、小程序、权益领取、履约路径或客户侧页面,39 使用流程： 权益选择 选择-权益待领取 就医无忧 健康守护 *履约页面仅为展示流程样例，实际以线上展示为准 点击问号可看服务介绍
PRESALE003_A0155,移动端/履约截图,PRESALE003,企康会员产品手册,企康会员产品手册_V9.7_20250310.pdf,39,07_售前材料规范与素材库/assets/PRESALE003/PRESALE003_A0155.jpeg,468,980,medical_service|mobile_ui_screenshot|photo_or_illustration|product_package|service_flow|服务流程,#808080|#ececec|#676767|#242424|#7f7f7f,展示APP、小程序、权益领取、履约路径或客户侧页面,39 使用流程： 权益选择 选择-权益待领取 就医无忧 健康守护 *履约页面仅为展示流程样例，实际以线上展示为准 点击问号可看服务介绍
PRESALE003_A0159,移动端/履约截图,PRESALE003,企康会员产品手册,企康会员产品手册_V9.7_20250310.pdf,39,07_售前材料规范与素材库/assets/PRESALE003/PRESALE003_A0159.jpeg,468,980,medical_service|mobile_ui_screenshot|photo_or_illustration|product_package|service_flow|服务流程,#f7f7f7|#f8f8f8|#f9f9f9|#f6f6f6|#dadada,展示APP、小程序、权益领取、履约路径或客户侧页面,39 使用流程： 权益选择 选择-权益待领取 就医无忧 健康守护 *履约页面仅为展示流程样例，实际以线上展示为准 点击问号可看服务介绍
PRESALE003_A0160,移动端/履约截图,PRESALE003,企康会员产品手册,企康会员产品手册_V9.7_20250310.pdf,40,07_售前材料规范与素材库/assets/PRESALE003/PRESALE003_A0160.jpeg,609,1286,medical_service|mobile_ui_screenshot|photo_or_illustration|product_package|service_flow|服务流程,#8b8b8b|#747474|#2b2e3f|#7a7a7a|#fafbfb,展示APP、小程序、权益领取、履约路径或客户侧页面,40 使用流程： 权益使用 选择-服务使用页 名医视频服务 肩颈-按摩理疗 *履约页面仅为展示流程样例，实际以线上展示为准 减重管理服务 欧姆龙心电监测
PRESALE003_A0162,移动端/履约截图,PRESALE003,企康会员产品手册,企康会员产品手册_V9.7_20250310.pdf,40,07_售前材料规范与素材库/assets/PRESALE003/PRESALE003_A0162.jpeg,508,1067,medical_service|mobile_ui_screenshot|photo_or_illustration|product_package|service_flow|服务流程,#f4f4f4|#f9f9f9|#f5f5f5|#f7f7f7|#585858,展示APP、小程序、权益领取、履约路径或客户侧页面,40 使用流程： 权益使用 选择-服务使用页 名医视频服务 肩颈-按摩理疗 *履约页面仅为展示流程样例，实际以线上展示为准 减重管理服务 欧姆龙心电监测
PRESALE003_A0163,移动端/履约截图,PRESALE003,企康会员产品手册,企康会员产品手册_V9.7_20250310.pdf,40,07_售前材料规范与素材库/assets/PRESALE003/PRESALE003_A0163.jpeg,508,1067,medical_service|mobile_ui_screenshot|photo_or_illustration|product_package|service_flow|服务流程,#f4f4f4|#f9f9f9|#f7f7f7|#f5f5f5|#3e3e3e,展示APP、小程序、权益领取、履约路径或客户侧页面,40 使用流程： 权益使用 选择-服务使用页 名医视频服务 肩颈-按摩理疗 *履约页面仅为展示流程样例，实际以线上展示为准 减重管理服务 欧姆龙心电监测
PRESALE003_A0164,移动端/履约截图,PRESALE003,企康会员产品手册,企康会员产品手册_V9.7_20250310.pdf,40,07_售前材料规范与素材库/assets/PRESALE003/PRESALE003_A0164.jpeg,508,1067,medical_service|mobile_ui_screenshot|photo_or_illustration|product_package|service_flow|平安橙|服务流程,#f4f4f4|#f0f0f0|#f7f7f7|#f6f6f6|#f8f8f8,展示APP、小程序、权益领取、履约路径或客户侧页面,40 使用流程： 权益使用 选择-服务使用页 名医视频服务 肩颈-按摩理疗 *履约页面仅为展示流程样例，实际以线上展示为准 减重管理服务 欧姆龙心电监测
PRESALE003_A0165,移动端/履约截图,PRESALE003,企康会员产品手册,企康会员产品手册_V9.7_20250310.pdf,40,07_售前材料规范与素材库/assets/PRESALE003/PRESALE003_A0165.jpeg,508,1067,medical_service|mobile_ui_screenshot|photo_or_illustration|product_package|service_flow|平安橙|服务流程,#fafafa|#737373|#f1f1f1|#f9f9f9|#f2f2f2,展示APP、小程序、权益领取、履约路径或客户侧页面,40 使用流程： 权益使用 选择-服务使用页 名医视频服务 肩颈-按摩理疗 *履约页面仅为展示流程样例，实际以线上展示为准 减重管理服务 欧姆龙心电监测
PRESALE003_A0168,移动端/履约截图,PRESALE003,企康会员产品手册,企康会员产品手册_V9.7_20250310.pdf,41,07_售前材料规范与素材库/assets/PRESALE003/PRESALE003_A0168.jpeg,508,1067,mobile_ui_screenshot|photo_or_illustration|product_package|service_flow|平安橙|服务流程,#5c5c5c|#535353|#808080|#fafafa|#e9e9ea,展示APP、小程序、权益领取、履约路径或客户侧页面,41 使用流程：权益重新兑换 选择-服务使用页 *履约页面仅为展示流程样例，实际以线上展示为准 重新选择权益 重新选择权益需 满足以下几个条 件： 1、已选权益未使 用/未预约； 2、首次选择权益 后，未满7个自然 日；
PRESALE003_A0169,移动端/履约截图,PRESALE003,企康会员产品手册,企康会员产品手册_V9.7_20250310.pdf,41,07_售前材料规范与素材库/assets/PRESALE003/PRESALE003_A0169.jpeg,508,1067,mobile_ui_screenshot|photo_or_illustration|product_package|service_flow|平安橙|服务流程,#404040|#727272|#808080|#fafafa|#f9f9f9,展示APP、小程序、权益领取、履约路径或客户侧页面,41 使用流程：权益重新兑换 选择-服务使用页 *履约页面仅为展示流程样例，实际以线上展示为准 重新选择权益 重新选择权益需 满足以下几个条 件： 1、已选权益未使 用/未预约； 2、首次选择权益 后，未满7个自然 日；
PRESALE003_A0170,移动端/履约截图,PRESALE003,企康会员产品手册,企康会员产品手册_V9.7_20250310.pdf,41,07_售前材料规范与素材库/assets/PRESALE003/PRESALE003_A0170.jpeg,508,1067,mobile_ui_screenshot|photo_or_illustration|product_package|service_flow|平安橙|服务流程,#5c5c5c|#535353|#808080|#fafafa|#e9e9ea,展示APP、小程序、权益领取、履约路径或客户侧页面,41 使用流程：权益重新兑换 选择-服务使用页 *履约页面仅为展示流程样例，实际以线上展示为准 重新选择权益 重新选择权益需 满足以下几个条 件： 1、已选权益未使 用/未预约； 2、首次选择权益 后，未满7个自然 日；
PRESALE004_A0002,图标/Logo,PRESALE004,健康宝服务营销手册,健康宝.pdf,1,07_售前材料规范与素材库/assets/PRESALE004/PRESALE004_A0002.png,380,74,icon_or_logo|互联网医疗|企业健康|服务流程,#e95504|#ee5704|#ea5504|#f45904|#f25804,用于能力模块、流程节点、客户/生态标识,健康管理——健康宝服务营销手册 平安健康互联网股份有限公司
PRESALE004_A0005,图标/Logo,PRESALE004,健康宝服务营销手册,健康宝.pdf,3,07_售前材料规范与素材库/assets/PRESALE004/PRESALE004_A0005.png,60,60,icon_or_logo|medical_service|service_flow|互联网医疗|企业健康|智能硬件|服务流程,#e75c01|#e45a00|#e45800|#e55800|#e55900,用于能力模块、流程节点、客户/生态标识,3 3 服务链路：健康管理将承接医疗检后服务，打通服务链路 线上医疗问诊 私人教练 私人营养师 心理咨询师 四师共管 平安健康 全科 其他 专科 中医科 妇产科 儿科 皮肤科 五大医疗疾病库、AI问答、 智能体态检测等 平安领先医疗科技 五大专科+运动、营养、心理 咨询服务、健康解决计划 线上医疗健康专业服务 打通“线上-线下服务”闭环
PRESALE004_A0006,图标/Logo,PRESALE004,健康宝服务营销手册,健康宝.pdf,3,07_售前材料规范与素材库/assets/PRESALE004/PRESALE004_A0006.png,71,71,icon_or_logo|medical_service|service_flow|互联网医疗|企业健康|智能硬件|服务流程,#e75c01|#e45a00|#e55900|#e65a00|#e45900,用于能力模块、流程节点、客户/生态标识,3 3 服务链路：健康管理将承接医疗检后服务，打通服务链路 线上医疗问诊 私人教练 私人营养师 心理咨询师 四师共管 平安健康 全科 其他 专科 中医科 妇产科 儿科 皮肤科 五大医疗疾病库、AI问答、 智能体态检测等 平安领先医疗科技 五大专科+运动、营养、心理 咨询服务、健康解决计划 线上医疗健康专业服务 打通“线上-线下服务”闭环
PRESALE004_A0007,图标/Logo,PRESALE004,健康宝服务营销手册,健康宝.pdf,3,07_售前材料规范与素材库/assets/PRESALE004/PRESALE004_A0007.png,70,70,icon_or_logo|medical_service|service_flow|互联网医疗|企业健康|智能硬件|服务流程,#e75c01|#e45a00|#e55900|#e45900|#e45800,用于能力模块、流程节点、客户/生态标识,3 3 服务链路：健康管理将承接医疗检后服务，打通服务链路 线上医疗问诊 私人教练 私人营养师 心理咨询师 四师共管 平安健康 全科 其他 专科 中医科 妇产科 儿科 皮肤科 五大医疗疾病库、AI问答、 智能体态检测等 平安领先医疗科技 五大专科+运动、营养、心理 咨询服务、健康解决计划 线上医疗健康专业服务 打通“线上-线下服务”闭环
PRESALE004_A0008,图标/Logo,PRESALE004,健康宝服务营销手册,健康宝.pdf,3,07_售前材料规范与素材库/assets/PRESALE004/PRESALE004_A0008.png,66,66,icon_or_logo|medical_service|service_flow|互联网医疗|企业健康|智能硬件|服务流程,#e45900|#e75c01|#e45a00|#e55800|#e55900,用于能力模块、流程节点、客户/生态标识,3 3 服务链路：健康管理将承接医疗检后服务，打通服务链路 线上医疗问诊 私人教练 私人营养师 心理咨询师 四师共管 平安健康 全科 其他 专科 中医科 妇产科 儿科 皮肤科 五大医疗疾病库、AI问答、 智能体态检测等 平安领先医疗科技 五大专科+运动、营养、心理 咨询服务、健康解决计划 线上医疗健康专业服务 打通“线上-线下服务”闭环
PRESALE004_A0004,场景照片/插画,PRESALE004,健康宝服务营销手册,健康宝.pdf,3,07_售前材料规范与素材库/assets/PRESALE004/PRESALE004_A0004.jpeg,441,818,medical_service|photo_or_illustration|service_flow|互联网医疗|企业健康|平安橙|智能硬件|服务流程,#f5f5f5|#fafafa|#f9f9f9|#f7f7f7|#f8f8f8,用于封面、行业痛点、客户场景、医养服务场景,3 3 服务链路：健康管理将承接医疗检后服务，打通服务链路 线上医疗问诊 私人教练 私人营养师 心理咨询师 四师共管 平安健康 全科 其他 专科 中医科 妇产科 儿科 皮肤科 五大医疗疾病库、AI问答、 智能体态检测等 平安领先医疗科技 五大专科+运动、营养、心理 咨询服务、健康解决计划 线上医疗健康专业服务 打通“线上-线下服务”闭环
PRESALE004_A0012,场景照片/插画,PRESALE004,健康宝服务营销手册,健康宝.pdf,3,07_售前材料规范与素材库/assets/PRESALE004/PRESALE004_A0012.png,264,516,medical_service|photo_or_illustration|service_flow|互联网医疗|企业健康|智能硬件|服务流程,#130f0c|#28292a|#292a2b|#1a140f|#6e645d,用于封面、行业痛点、客户场景、医养服务场景,3 3 服务链路：健康管理将承接医疗检后服务，打通服务链路 线上医疗问诊 私人教练 私人营养师 心理咨询师 四师共管 平安健康 全科 其他 专科 中医科 妇产科 儿科 皮肤科 五大医疗疾病库、AI问答、 智能体态检测等 平安领先医疗科技 五大专科+运动、营养、心理 咨询服务、健康解决计划 线上医疗健康专业服务 打通“线上-线下服务”闭环
PRESALE004_A0013,场景照片/插画,PRESALE004,健康宝服务营销手册,健康宝.pdf,3,07_售前材料规范与素材库/assets/PRESALE004/PRESALE004_A0013.jpeg,377,786,medical_service|photo_or_illustration|service_flow|互联网医疗|企业健康|智能硬件|服务流程,#f7f7f7|#f5f5f5|#f9f9f9|#f6f4f5|#f6f5f5,用于封面、行业痛点、客户场景、医养服务场景,3 3 服务链路：健康管理将承接医疗检后服务，打通服务链路 线上医疗问诊 私人教练 私人营养师 心理咨询师 四师共管 平安健康 全科 其他 专科 中医科 妇产科 儿科 皮肤科 五大医疗疾病库、AI问答、 智能体态检测等 平安领先医疗科技 五大专科+运动、营养、心理 咨询服务、健康解决计划 线上医疗健康专业服务 打通“线上-线下服务”闭环
PRESALE004_A0021,移动端/履约截图,PRESALE004,健康宝服务营销手册,健康宝.pdf,5,07_售前材料规范与素材库/assets/PRESALE004/PRESALE004_A0021.png,511,1023,mobile_ui_screenshot|photo_or_illustration|service_flow|互联网医疗|企业健康|客户方案|平安橙|智能硬件|服务流程|补充医疗,#e6e6e6|#242424|#999999|#efefef|#f5edf1,展示APP、小程序、权益领取、履约路径或客户侧页面,5 5 健康管理健康宝服务：健康管理解决方案（运动、营养、心理、睡眠） 服务流程 效果评估优化方案 定制专属健康方案 每个人都有健康需求 中国约1/3肥胖人群 肥胖患病人数为2.3亿人 主要原因： 吃饭睡觉不自律 缺乏运动，没专业指导 1.6亿人存在心理问题 77%患有焦虑症状 主要原因： 工作职场压力很大 疫情反复生活迷茫 缺少心理疏导和关怀 1/9人口饮
PRESALE004_A0026,移动端/履约截图,PRESALE004,健康宝服务营销手册,健康宝.pdf,5,07_售前材料规范与素材库/assets/PRESALE004/PRESALE004_A0026.jpeg,217,387,mobile_ui_screenshot|photo_or_illustration|service_flow|互联网医疗|企业健康|客户方案|智能硬件|服务流程|补充医疗,#f6f3fa|#f6f4f9|#f6f5fa|#f5f3f9|#fafafb,展示APP、小程序、权益领取、履约路径或客户侧页面,5 5 健康管理健康宝服务：健康管理解决方案（运动、营养、心理、睡眠） 服务流程 效果评估优化方案 定制专属健康方案 每个人都有健康需求 中国约1/3肥胖人群 肥胖患病人数为2.3亿人 主要原因： 吃饭睡觉不自律 缺乏运动，没专业指导 1.6亿人存在心理问题 77%患有焦虑症状 主要原因： 工作职场压力很大 疫情反复生活迷茫 缺少心理疏导和关怀 1/9人口饮
PRESALE004_A0046,场景照片/插画,PRESALE004,健康宝服务营销手册,健康宝.pdf,8,07_售前材料规范与素材库/assets/PRESALE004/PRESALE004_A0046.jpeg,319,577,photo_or_illustration|互联网医疗|养老,#1a1a36|#1a1938|#1a1b3a|#1b1a39|#1a1937,用于封面、行业痛点、客户场景、医养服务场景,8 3、健康课程：海量明星课程在线陪练 叶彤 全网124.3万粉丝 2018MuscleMania中国 站比赛，比基尼D组第 一名 张琰 全网195.1万粉丝 2021央视节目《开门大吉》 嘉宾，明星健身教练 海量课程 • 400+节课运动课程 • 100节+心理音频大咖课程 课程品质 • 精选热门、精选课程 • 新增针对减脂/塑形专项训练计划 课程人群&场
PRESALE004_A0072,场景照片/插画,PRESALE004,健康宝服务营销手册,健康宝.pdf,11,07_售前材料规范与素材库/assets/PRESALE004/PRESALE004_A0072.png,524,510,photo_or_illustration|企业健康|客户方案|服务流程,,用于封面、行业痛点、客户场景、医养服务场景,11 11 产品形态：健康宝（基础版） 个人·健康宝 赋能企业客户 ① 六维健康测评 ② 体重记录 ③ 体态检测 ④ 饮食记录 ⑤ 睡眠日记 ⑥ 运动健康课程 ⑦ 基础健康计划 服务明细 企业·健康宝 赋能企业员工 ① 六维健康测评 ② 职业心理测评 ③ 体重记录 ④ 饮食记录 ⑤ 睡眠日记 ⑥ 运动健康课程 ⑦ 心理音频课-思维提升课 ⑧ 心理音频课-人际
PRESALE004_A0073,场景照片/插画,PRESALE004,健康宝服务营销手册,健康宝.pdf,11,07_售前材料规范与素材库/assets/PRESALE004/PRESALE004_A0073.png,670,833,photo_or_illustration|企业健康|客户方案|服务流程,,用于封面、行业痛点、客户场景、医养服务场景,11 11 产品形态：健康宝（基础版） 个人·健康宝 赋能企业客户 ① 六维健康测评 ② 体重记录 ③ 体态检测 ④ 饮食记录 ⑤ 睡眠日记 ⑥ 运动健康课程 ⑦ 基础健康计划 服务明细 企业·健康宝 赋能企业员工 ① 六维健康测评 ② 职业心理测评 ③ 体重记录 ④ 饮食记录 ⑤ 睡眠日记 ⑥ 运动健康课程 ⑦ 心理音频课-思维提升课 ⑧ 心理音频课-人际
PRESALE004_A0075,场景照片/插画,PRESALE004,健康宝服务营销手册,健康宝.pdf,12,07_售前材料规范与素材库/assets/PRESALE004/PRESALE004_A0075.png,528,519,photo_or_illustration|企业健康|客户方案|服务流程,,用于封面、行业痛点、客户场景、医养服务场景,12 12 产品形态：健康宝（升级版） 个人·健康宝 赋能企业客户 ① 六维健康测评 ② 体重记录 ③ 饮食记录 ④ 睡眠日记 ⑤ AI睡眠工具 ⑥ AI食谱定制 ⑦ 运动健康课程 ⑧ 基础健康计划（92） ⑨ 精选健康计划（10） ⑩ AI咨询师 ⑪ 真人运动教练1v1图文 ⑫ 真人营养师1v1图文 ⑬ 心理音频课-思维提升课 ⑭ 心理音频课-人际沟通课 
PRESALE004_A0076,场景照片/插画,PRESALE004,健康宝服务营销手册,健康宝.pdf,12,07_售前材料规范与素材库/assets/PRESALE004/PRESALE004_A0076.png,675,1113,photo_or_illustration|企业健康|客户方案|服务流程,,用于封面、行业痛点、客户场景、医养服务场景,12 12 产品形态：健康宝（升级版） 个人·健康宝 赋能企业客户 ① 六维健康测评 ② 体重记录 ③ 饮食记录 ④ 睡眠日记 ⑤ AI睡眠工具 ⑥ AI食谱定制 ⑦ 运动健康课程 ⑧ 基础健康计划（92） ⑨ 精选健康计划（10） ⑩ AI咨询师 ⑪ 真人运动教练1v1图文 ⑫ 真人营养师1v1图文 ⑬ 心理音频课-思维提升课 ⑭ 心理音频课-人际沟通课 
PRESALE004_A0077,场景照片/插画,PRESALE004,健康宝服务营销手册,健康宝.pdf,12,07_售前材料规范与素材库/assets/PRESALE004/PRESALE004_A0077.png,675,1109,photo_or_illustration|企业健康|客户方案|服务流程,,用于封面、行业痛点、客户场景、医养服务场景,12 12 产品形态：健康宝（升级版） 个人·健康宝 赋能企业客户 ① 六维健康测评 ② 体重记录 ③ 饮食记录 ④ 睡眠日记 ⑤ AI睡眠工具 ⑥ AI食谱定制 ⑦ 运动健康课程 ⑧ 基础健康计划（92） ⑨ 精选健康计划（10） ⑩ AI咨询师 ⑪ 真人运动教练1v1图文 ⑫ 真人营养师1v1图文 ⑬ 心理音频课-思维提升课 ⑭ 心理音频课-人际沟通课 
PRESALE004_A0078,场景照片/插画,PRESALE004,健康宝服务营销手册,健康宝.pdf,12,07_售前材料规范与素材库/assets/PRESALE004/PRESALE004_A0078.png,675,1112,photo_or_illustration|企业健康|客户方案|服务流程,,用于封面、行业痛点、客户场景、医养服务场景,12 12 产品形态：健康宝（升级版） 个人·健康宝 赋能企业客户 ① 六维健康测评 ② 体重记录 ③ 饮食记录 ④ 睡眠日记 ⑤ AI睡眠工具 ⑥ AI食谱定制 ⑦ 运动健康课程 ⑧ 基础健康计划（92） ⑨ 精选健康计划（10） ⑩ AI咨询师 ⑪ 真人运动教练1v1图文 ⑫ 真人营养师1v1图文 ⑬ 心理音频课-思维提升课 ⑭ 心理音频课-人际沟通课 
PRESALE004_A0082,场景照片/插画,PRESALE004,健康宝服务营销手册,健康宝.pdf,16,07_售前材料规范与素材库/assets/PRESALE004/PRESALE004_A0082.jpeg,505,1092,photo_or_illustration,#eaeff2|#f3f5f7|#f1f4f6|#e9eef2|#e9eff2,用于封面、行业痛点、客户场景、医养服务场景,16 健康宝：睡眠记录/健康测评 ①添加睡眠记录 ②生成睡眠记录 ③健康测评内容 ④填写测评内容 ⑤测评结果查看
PRESALE004_A0083,场景照片/插画,PRESALE004,健康宝服务营销手册,健康宝.pdf,16,07_售前材料规范与素材库/assets/PRESALE004/PRESALE004_A0083.jpeg,505,1092,photo_or_illustration,#f6f3fa|#eaeff2|#7372fc|#eeebf2|#f9f8f9,用于封面、行业痛点、客户场景、医养服务场景,16 健康宝：睡眠记录/健康测评 ①添加睡眠记录 ②生成睡眠记录 ③健康测评内容 ④填写测评内容 ⑤测评结果查看
PRESALE004_A0084,场景照片/插画,PRESALE004,健康宝服务营销手册,健康宝.pdf,16,07_售前材料规范与素材库/assets/PRESALE004/PRESALE004_A0084.jpeg,535,1093,photo_or_illustration|平安橙,#f5f4f9|#fafafa|#f8f8fa|#8b8b8b|#757575,用于封面、行业痛点、客户场景、医养服务场景,16 健康宝：睡眠记录/健康测评 ①添加睡眠记录 ②生成睡眠记录 ③健康测评内容 ④填写测评内容 ⑤测评结果查看
PRESALE004_A0085,场景照片/插画,PRESALE004,健康宝服务营销手册,健康宝.pdf,16,07_售前材料规范与素材库/assets/PRESALE004/PRESALE004_A0085.jpeg,507,1098,photo_or_illustration|平安橙,#f9f9f9|#fafafa|#e4f3fe|#e5f3fe|#f6fbfe,用于封面、行业痛点、客户场景、医养服务场景,16 健康宝：睡眠记录/健康测评 ①添加睡眠记录 ②生成睡眠记录 ③健康测评内容 ④填写测评内容 ⑤测评结果查看
PRESALE004_A0086,场景照片/插画,PRESALE004,健康宝服务营销手册,健康宝.pdf,16,07_售前材料规范与素材库/assets/PRESALE004/PRESALE004_A0086.jpeg,508,1097,photo_or_illustration|平安橙,#f5f4f9|#f9f9f9|#f8f8f8|#fafafc|#fafafa,用于封面、行业痛点、客户场景、医养服务场景,16 健康宝：睡眠记录/健康测评 ①添加睡眠记录 ②生成睡眠记录 ③健康测评内容 ④填写测评内容 ⑤测评结果查看
PRESALE004_A0087,场景照片/插画,PRESALE004,健康宝服务营销手册,健康宝.pdf,17,07_售前材料规范与素材库/assets/PRESALE004/PRESALE004_A0087.jpeg,521,1128,photo_or_illustration,#f6f3fa|#f6f4fa|#f6f5f9|#f8f6fb|#f6f3fb,用于封面、行业痛点、客户场景、医养服务场景,17 健康宝：健康计划 ①查看全部计划 ②开启新计划 ④开启健康计划 ③已开启计划 ⑤完成计划任务
PRESALE004_A0088,场景照片/插画,PRESALE004,健康宝服务营销手册,健康宝.pdf,17,07_售前材料规范与素材库/assets/PRESALE004/PRESALE004_A0088.jpeg,521,1128,photo_or_illustration,#949597|#f8f6fb|#f8f7fb|#eefafa|#0cbe68,用于封面、行业痛点、客户场景、医养服务场景,17 健康宝：健康计划 ①查看全部计划 ②开启新计划 ④开启健康计划 ③已开启计划 ⑤完成计划任务
PRESALE004_A0089,场景照片/插画,PRESALE004,健康宝服务营销手册,健康宝.pdf,17,07_售前材料规范与素材库/assets/PRESALE004/PRESALE004_A0089.jpeg,521,1128,photo_or_illustration,#f6f3fa|#f7f5fb|#f6f5f9|#f7f4fb|#fbf9fc,用于封面、行业痛点、客户场景、医养服务场景,17 健康宝：健康计划 ①查看全部计划 ②开启新计划 ④开启健康计划 ③已开启计划 ⑤完成计划任务
PRESALE004_A0090,场景照片/插画,PRESALE004,健康宝服务营销手册,健康宝.pdf,17,07_售前材料规范与素材库/assets/PRESALE004/PRESALE004_A0090.jpeg,521,1128,photo_or_illustration,#f6f4f5|#f7f7f7|#f9f9f9|#f6f6f6|#f8f6f7,用于封面、行业痛点、客户场景、医养服务场景,17 健康宝：健康计划 ①查看全部计划 ②开启新计划 ④开启健康计划 ③已开启计划 ⑤完成计划任务
PRESALE004_A0091,场景照片/插画,PRESALE004,健康宝服务营销手册,健康宝.pdf,17,07_售前材料规范与素材库/assets/PRESALE004/PRESALE004_A0091.jpeg,488,1057,photo_or_illustration,#f4f3f9|#e9eef2|#f6f5fa|#f5f5f8|#f6f4fb,用于封面、行业痛点、客户场景、医养服务场景,17 健康宝：健康计划 ①查看全部计划 ②开启新计划 ④开启健康计划 ③已开启计划 ⑤完成计划任务
PRESALE004_A0092,场景照片/插画,PRESALE004,健康宝服务营销手册,健康宝.pdf,18,07_售前材料规范与素材库/assets/PRESALE004/PRESALE004_A0092.jpeg,514,1112,photo_or_illustration|平安橙,#f7f7f7|#eaeff2|#f1f6f9|#fafafa|#f9f9f9,用于封面、行业痛点、客户场景、医养服务场景,18 健康宝-两师咨询 ①营养师人员 ②运动教练人员 ③营养师咨询 ④运动教练咨询 ⑤教练/营养师对话
PRESALE005_A0003,整页/大图版式参考,PRESALE005,养老音箱材料,养老音箱材料0313.pdf,1,07_售前材料规范与素材库/assets/PRESALE005/PRESALE005_A0003.jpeg,1280,800,layout_reference|medical_service|page_background_or_full_slide|product_package|smart_device|互联网医疗|养老|智能硬件|服务流程,#fff6ed|#324959|#744b2f|#fff7f2|#fff8ef,用于复刻售前页版式、复杂表格或流程图布局参考,1 智能音箱-7*24小时智能管家服务 注：1.材料中智能音箱图片仅为示例，以实际提供的产品为准；2.特医特药：质子重离子、非治疗性康复器具等特殊医疗，以及进口&靶向药等特殊药品咨询服务 智能管家 • 链接平安家医与尊老管家 • 提供7*24小时智能管家服务 1 家庭医生 全年无限次服务 会员健康档案 报告 解读 寻医 导诊 特医 特药 7*24 问诊 全球
PRESALE005_A0008,整页/大图版式参考,PRESALE005,养老音箱材料,养老音箱材料0313.pdf,1,07_售前材料规范与素材库/assets/PRESALE005/PRESALE005_A0008.jpeg,2000,1125,layout_reference|medical_service|page_background_or_full_slide|product_package|smart_device|互联网医疗|养老|平安橙|智能硬件|服务流程,#fafbfd|#fbdfd5|#fde3d9|#fde6dd|#fde9e0,用于复刻售前页版式、复杂表格或流程图布局参考,1 智能音箱-7*24小时智能管家服务 注：1.材料中智能音箱图片仅为示例，以实际提供的产品为准；2.特医特药：质子重离子、非治疗性康复器具等特殊医疗，以及进口&靶向药等特殊药品咨询服务 智能管家 • 链接平安家医与尊老管家 • 提供7*24小时智能管家服务 1 家庭医生 全年无限次服务 会员健康档案 报告 解读 寻医 导诊 特医 特药 7*24 问诊 全球
PRESALE005_A0007,智能硬件/设备图,PRESALE005,养老音箱材料,养老音箱材料0313.pdf,1,07_售前材料规范与素材库/assets/PRESALE005/PRESALE005_A0007.jpeg,550,884,medical_service|photo_or_illustration|product_package|smart_device|互联网医疗|养老|智能硬件|服务流程,#f8f7f3|#f7f6f2|#f6f5f1|#f5f4f0|#f4f3ef,展示音箱、手表、检测设备、安防传感器、IoT联动方案,1 智能音箱-7*24小时智能管家服务 注：1.材料中智能音箱图片仅为示例，以实际提供的产品为准；2.特医特药：质子重离子、非治疗性康复器具等特殊医疗，以及进口&靶向药等特殊药品咨询服务 智能管家 • 链接平安家医与尊老管家 • 提供7*24小时智能管家服务 1 家庭医生 全年无限次服务 会员健康档案 报告 解读 寻医 导诊 特医 特药 7*24 问诊 全球
PRESALE005_A0009,整页/大图版式参考,PRESALE005,养老音箱材料,养老音箱材料0313.pdf,2,07_售前材料规范与素材库/assets/PRESALE005/PRESALE005_A0009.jpeg,965,609,layout_reference|medical_service|page_background_or_full_slide|smart_device|互联网医疗|养老|智能硬件,#21115a|#211463|#201b6b|#2a186c|#221064,用于复刻售前页版式、复杂表格或流程图布局参考,2 智能音箱-急救助手7*24小时真人守护，海量文娱资源丰富日常生活 急救助手： • 7X24小时真人在线急救，时刻 守护长辈安全 • 当用户遇突发情况可呼叫，音 箱会直接拨打紧急联系人电话 或接通第三方急救中心提供专 业真人救助指导，并根据情况 第一时间联系医院或警察 • 免费赠送一年 学习娱乐： • 丰富的老年课程、健康科普视 频等 • VIP曲库、海量
PRESALE005_A0015,整页/大图版式参考,PRESALE005,养老音箱材料,养老音箱材料0313.pdf,2,07_售前材料规范与素材库/assets/PRESALE005/PRESALE005_A0015.jpeg,1280,800,layout_reference|medical_service|page_background_or_full_slide|smart_device|互联网医疗|养老|智能硬件,#4b1897|#4d1997|#410f7e|#10a7de|#11abe1,用于复刻售前页版式、复杂表格或流程图布局参考,2 智能音箱-急救助手7*24小时真人守护，海量文娱资源丰富日常生活 急救助手： • 7X24小时真人在线急救，时刻 守护长辈安全 • 当用户遇突发情况可呼叫，音 箱会直接拨打紧急联系人电话 或接通第三方急救中心提供专 业真人救助指导，并根据情况 第一时间联系医院或警察 • 免费赠送一年 学习娱乐： • 丰富的老年课程、健康科普视 频等 • VIP曲库、海量
PRESALE005_A0010,智能硬件/设备图,PRESALE005,养老音箱材料,养老音箱材料0313.pdf,2,07_售前材料规范与素材库/assets/PRESALE005/PRESALE005_A0010.jpeg,669,511,medical_service|photo_or_illustration|smart_device|互联网医疗|养老|智能硬件,#fff2ec|#817473|#fefbf8|#ffece4|#fef7f3,展示音箱、手表、检测设备、安防传感器、IoT联动方案,2 智能音箱-急救助手7*24小时真人守护，海量文娱资源丰富日常生活 急救助手： • 7X24小时真人在线急救，时刻 守护长辈安全 • 当用户遇突发情况可呼叫，音 箱会直接拨打紧急联系人电话 或接通第三方急救中心提供专 业真人救助指导，并根据情况 第一时间联系医院或警察 • 免费赠送一年 学习娱乐： • 丰富的老年课程、健康科普视 频等 • VIP曲库、海量
PRESALE005_A0011,智能硬件/设备图,PRESALE005,养老音箱材料,养老音箱材料0313.pdf,2,07_售前材料规范与素材库/assets/PRESALE005/PRESALE005_A0011.jpeg,669,511,medical_service|photo_or_illustration|smart_device|互联网医疗|养老|智能硬件,#fff2ec|#817473|#fefbf8|#ffece4|#fef7f3,展示音箱、手表、检测设备、安防传感器、IoT联动方案,2 智能音箱-急救助手7*24小时真人守护，海量文娱资源丰富日常生活 急救助手： • 7X24小时真人在线急救，时刻 守护长辈安全 • 当用户遇突发情况可呼叫，音 箱会直接拨打紧急联系人电话 或接通第三方急救中心提供专 业真人救助指导，并根据情况 第一时间联系医院或警察 • 免费赠送一年 学习娱乐： • 丰富的老年课程、健康科普视 频等 • VIP曲库、海量
PRESALE005_A0013,智能硬件/设备图,PRESALE005,养老音箱材料,养老音箱材料0313.pdf,2,07_售前材料规范与素材库/assets/PRESALE005/PRESALE005_A0013.jpeg,1156,163,banner_or_strip|medical_service|smart_device|互联网医疗|养老|智能硬件,#642807|#0f0603|#120705|#5d2408|#5d2308,展示音箱、手表、检测设备、安防传感器、IoT联动方案,2 智能音箱-急救助手7*24小时真人守护，海量文娱资源丰富日常生活 急救助手： • 7X24小时真人在线急救，时刻 守护长辈安全 • 当用户遇突发情况可呼叫，音 箱会直接拨打紧急联系人电话 或接通第三方急救中心提供专 业真人救助指导，并根据情况 第一时间联系医院或警察 • 免费赠送一年 学习娱乐： • 丰富的老年课程、健康科普视 频等 • VIP曲库、海量
PRESALE005_A0014,智能硬件/设备图,PRESALE005,养老音箱材料,养老音箱材料0313.pdf,2,07_售前材料规范与素材库/assets/PRESALE005/PRESALE005_A0014.jpeg,414,257,medical_service|photo_or_illustration|smart_device|互联网医疗|养老|智能硬件,#280a6c|#2912aa|#300b73|#2e0b71|#471699,展示音箱、手表、检测设备、安防传感器、IoT联动方案,2 智能音箱-急救助手7*24小时真人守护，海量文娱资源丰富日常生活 急救助手： • 7X24小时真人在线急救，时刻 守护长辈安全 • 当用户遇突发情况可呼叫，音 箱会直接拨打紧急联系人电话 或接通第三方急救中心提供专 业真人救助指导，并根据情况 第一时间联系医院或警察 • 免费赠送一年 学习娱乐： • 丰富的老年课程、健康科普视 频等 • VIP曲库、海量
PRESALE005_A0020,整页/大图版式参考,PRESALE005,养老音箱材料,养老音箱材料0313.pdf,5,07_售前材料规范与素材库/assets/PRESALE005/PRESALE005_A0020.jpeg,1024,600,layout_reference|medical_service|page_background_or_full_slide|smart_device|互联网医疗|养老|智能硬件|服务流程,#2477a3|#2376a2|#2374a1|#e7e7e7|#2576a5,用于复刻售前页版式、复杂表格或流程图布局参考,5 家庭医生-以智能音箱为载体提供全方位视频问诊服务 Ø 平安健康全职医学团队，1对1视频问诊，为用户提供全年秒级响应的健康咨询、问诊开药与健康指导等服务。 服务方式 响应承诺 用户体验 专业能力 • 全科内科中医科医生 为主，适合老年用户 • 20+专业科室全覆盖 • 自建互联网医院 • 视频问诊，尊享体验 • 电子处方，便捷高效 • 送药上门，贴心服务 
PRESALE005_A0023,整页/大图版式参考,PRESALE005,养老音箱材料,养老音箱材料0313.pdf,5,07_售前材料规范与素材库/assets/PRESALE005/PRESALE005_A0023.jpeg,1023,598,layout_reference|medical_service|page_background_or_full_slide|smart_device|互联网医疗|养老|智能硬件|服务流程,#dafff8|#dbfef8|#ecf8f6|#e2fbf7|#eef7f6,用于复刻售前页版式、复杂表格或流程图布局参考,5 家庭医生-以智能音箱为载体提供全方位视频问诊服务 Ø 平安健康全职医学团队，1对1视频问诊，为用户提供全年秒级响应的健康咨询、问诊开药与健康指导等服务。 服务方式 响应承诺 用户体验 专业能力 • 全科内科中医科医生 为主，适合老年用户 • 20+专业科室全覆盖 • 自建互联网医院 • 视频问诊，尊享体验 • 电子处方，便捷高效 • 送药上门，贴心服务 
PRESALE005_A0024,智能硬件/设备图,PRESALE005,养老音箱材料,养老音箱材料0313.pdf,6,07_售前材料规范与素材库/assets/PRESALE005/PRESALE005_A0024.jpeg,607,712,case_reference|medical_service|photo_or_illustration|product_package|smart_device|互联网医疗|企业健康|养老|客户方案|智能硬件|服务流程,#fffbf9|#b3a4a1|#fff5f0|#887a76|#fffcf6,展示音箱、手表、检测设备、安防传感器、IoT联动方案,6 智能音箱客户案例-为某大型企业退休员工定制音箱，长辈模式更适老， 系统定制更贴心 智能音箱 产品简介 智能音箱采用头部硬件厂商设备，8寸屏幕，平安健康定制视 频问诊服务系统，音箱支持长辈模式，操作简洁，赠送1年急 救助手服务，3个月音箱白金会员 长辈模式： • 支持长辈模式，界面简 洁内容全，文字更大更 易用 • 功能与内容模块全部采 用大卡片形式，极简
PRESALE005_A0027,横幅/装饰条,PRESALE005,养老音箱材料,养老音箱材料0313.pdf,6,07_售前材料规范与素材库/assets/PRESALE005/PRESALE005_A0027.jpeg,1156,163,banner_or_strip|case_reference|medical_service|product_package|smart_device|互联网医疗|企业健康|养老|客户方案|智能硬件|服务流程,#0f0603|#5d2408|#190a04|#151210|#120705,用于封面副视觉、章节页装饰、平安橙强调带,6 智能音箱客户案例-为某大型企业退休员工定制音箱，长辈模式更适老， 系统定制更贴心 智能音箱 产品简介 智能音箱采用头部硬件厂商设备，8寸屏幕，平安健康定制视 频问诊服务系统，音箱支持长辈模式，操作简洁，赠送1年急 救助手服务，3个月音箱白金会员 长辈模式： • 支持长辈模式，界面简 洁内容全，文字更大更 易用 • 功能与内容模块全部采 用大卡片形式，极简
PRESALE006_A0003,图标/Logo,PRESALE006,地产行业健康养老服务方案,平安健康&地产服务方案1216.pdf,1,07_售前材料规范与素材库/assets/PRESALE006/PRESALE006_A0003.jpeg,309,59,icon_or_logo|real_estate_scene|养老|客户方案|平安橙|服务流程,#faffff|#fffffa|#f8ffff|#f9ffff|#fffff6,用于能力模块、流程节点、客户/生态标识,平安地产行业智慧 健康养老服务解决方案 2025
PRESALE006_A0001,整页/大图版式参考,PRESALE006,地产行业健康养老服务方案,平安健康&地产服务方案1216.pdf,1,07_售前材料规范与素材库/assets/PRESALE006/PRESALE006_A0001.jpeg,2837,1576,layout_reference|page_background_or_full_slide|real_estate_scene|养老|客户方案|服务流程,#c3c3c3|#2b2b2b|#f2f2f2|#242424|#c4c4c4,用于复刻售前页版式、复杂表格或流程图布局参考,平安地产行业智慧 健康养老服务解决方案 2025
PRESALE006_A0007,图标/Logo,PRESALE006,地产行业健康养老服务方案,平安健康&地产服务方案1216.pdf,4,07_售前材料规范与素材库/assets/PRESALE006/PRESALE006_A0007.jpeg,125,63,icon_or_logo|real_estate_scene|企业健康|养老|智能硬件|服务流程,#0a0000|#0d0000|#0b0000|#0f0000|#0e0000,用于能力模块、流程节点、客户/生态标识,• 结合物理空间与社区运营， 构建数字化、平台化的 体系，实现 全家健康管理 • 以物理空间为载体，整合服务资源，打造便 捷、活跃的社区生态，为健康管理提供场景 化支持 1.0 2.0 3.0 “好房子”的未来趋势：医疗服务、健康服务、养老服务体系是好房子的新极点 • 精心设计的功能性空间，满足居住需求，注重舒适 性与智能化，为社区运营与健康管理提供基础支持
PRESALE006_A0008,图标/Logo,PRESALE006,地产行业健康养老服务方案,平安健康&地产服务方案1216.pdf,4,07_售前材料规范与素材库/assets/PRESALE006/PRESALE006_A0008.jpeg,435,69,icon_or_logo|real_estate_scene|企业健康|养老|智能硬件|服务流程,#0d0000|#0b0000|#04000a|#00000a|#01000b,用于能力模块、流程节点、客户/生态标识,• 结合物理空间与社区运营， 构建数字化、平台化的 体系，实现 全家健康管理 • 以物理空间为载体，整合服务资源，打造便 捷、活跃的社区生态，为健康管理提供场景 化支持 1.0 2.0 3.0 “好房子”的未来趋势：医疗服务、健康服务、养老服务体系是好房子的新极点 • 精心设计的功能性空间，满足居住需求，注重舒适 性与智能化，为社区运营与健康管理提供基础支持
PRESALE006_A0013,横幅/装饰条,PRESALE006,地产行业健康养老服务方案,平安健康&地产服务方案1216.pdf,6,07_售前材料规范与素材库/assets/PRESALE006/PRESALE006_A0013.jpeg,2498,229,banner_or_strip|medical_service|real_estate_scene|smart_device|养老|客户方案|智能硬件|服务流程,#3e3732|#36312e|#473b35|#2e2b28|#4e3f34,用于封面副视觉、章节页装饰、平安橙强调带,健康服务方案价值：响应国家倡导的物业+养老的政策，赋能业主、地产、物业各方 地产能去化 业主享服务 物业有收入 “新极点”引领地产行业发展，树立行业新标杆，提升地产商品牌形象 平安健康家庭医生解读设备数据，串联各项服务 线上医疗服务 线下医疗服务 智能健康设备 … • 家庭医生支持全家健康管 理，解决儿童、成人、老 人全生命周期人群就医难、 医疗资源稀缺等难
PRESALE006_A0014,图标/Logo,PRESALE006,地产行业健康养老服务方案,平安健康&地产服务方案1216.pdf,9,07_售前材料规范与素材库/assets/PRESALE006/PRESALE006_A0014.jpeg,101,90,icon_or_logo|medical_service|互联网医疗|企业健康|养老|客户方案|平安橙|服务流程,#fafafa|#f8f8f8|#f9f9f9|#0e0e0e|#f5f5f5,用于能力模块、流程节点、客户/生态标识,"持续性服务输出：平安集团生态圈旗舰平台， 一站式企业健康管理服务提供商 公司成立于2014年，作为平安集团医疗养 老生态圈的旗舰，深化落地管理式医疗战 略，深耕“家庭医生”、""养老管家""两大 核心枢纽建设。 企业员工：从入职体检到退休康 养，全生命周期健康档案管理 个人用户：慢病随访、复诊提醒 、紧急救援等持续性服务终身嵌 入保单 服务终身 长效价值 服务保"
PRESALE006_A0016,图标/Logo,PRESALE006,地产行业健康养老服务方案,平安健康&地产服务方案1216.pdf,9,07_售前材料规范与素材库/assets/PRESALE006/PRESALE006_A0016.jpeg,94,106,icon_or_logo|medical_service|互联网医疗|企业健康|养老|客户方案|平安橙|服务流程,#fafafa|#f9f9f9|#f8f8f8|#f7f7f7|#f6f6f6,用于能力模块、流程节点、客户/生态标识,"持续性服务输出：平安集团生态圈旗舰平台， 一站式企业健康管理服务提供商 公司成立于2014年，作为平安集团医疗养 老生态圈的旗舰，深化落地管理式医疗战 略，深耕“家庭医生”、""养老管家""两大 核心枢纽建设。 企业员工：从入职体检到退休康 养，全生命周期健康档案管理 个人用户：慢病随访、复诊提醒 、紧急救援等持续性服务终身嵌 入保单 服务终身 长效价值 服务保"
PRESALE006_A0015,横幅/装饰条,PRESALE006,地产行业健康养老服务方案,平安健康&地产服务方案1216.pdf,9,07_售前材料规范与素材库/assets/PRESALE006/PRESALE006_A0015.jpeg,1652,435,banner_or_strip|medical_service|互联网医疗|企业健康|养老|客户方案|服务流程,#383838|#303030|#131313|#3c3c3c|#3a3a3a,用于封面副视觉、章节页装饰、平安橙强调带,"持续性服务输出：平安集团生态圈旗舰平台， 一站式企业健康管理服务提供商 公司成立于2014年，作为平安集团医疗养 老生态圈的旗舰，深化落地管理式医疗战 略，深耕“家庭医生”、""养老管家""两大 核心枢纽建设。 企业员工：从入职体检到退休康 养，全生命周期健康档案管理 个人用户：慢病随访、复诊提醒 、紧急救援等持续性服务终身嵌 入保单 服务终身 长效价值 服务保"
PRESALE006_A0019,图标/Logo,PRESALE006,地产行业健康养老服务方案,平安健康&地产服务方案1216.pdf,11,07_售前材料规范与素材库/assets/PRESALE006/PRESALE006_A0019.jpeg,101,54,icon_or_logo|medical_service|互联网医疗|客户方案|服务流程,#0b0000|#0a0000|#0d0000|#0e0000|#1c0000,用于能力模块、流程节点、客户/生态标识,"稀缺性医养资源：提供线上+线下全方位专业医疗服务 3 4 在线， 响应， 随时问 平安健康上千名 ， 主 治及 以上级别 复杂病情帮选诊室,一键同步病情， 即时问诊， 提供专病【专业】 咨询 自建加多点执业医生团队， 约5万名医生， 平均10+ 年 资， 主治及以上级别 围绕8大专科， 建立了23个专病中心 60秒内响应， 7*24小时在线， 实时开电子处方"
PRESALE006_A0021,图标/Logo,PRESALE006,地产行业健康养老服务方案,平安健康&地产服务方案1216.pdf,11,07_售前材料规范与素材库/assets/PRESALE006/PRESALE006_A0021.jpeg,56,54,icon_or_logo|medical_service|互联网医疗|客户方案|服务流程,#0f0000|#0a0000|#0b0000|#0d0000|#0e0000,用于能力模块、流程节点、客户/生态标识,"稀缺性医养资源：提供线上+线下全方位专业医疗服务 3 4 在线， 响应， 随时问 平安健康上千名 ， 主 治及 以上级别 复杂病情帮选诊室,一键同步病情， 即时问诊， 提供专病【专业】 咨询 自建加多点执业医生团队， 约5万名医生， 平均10+ 年 资， 主治及以上级别 围绕8大专科， 建立了23个专病中心 60秒内响应， 7*24小时在线， 实时开电子处方"
PRESALE006_A0022,图标/Logo,PRESALE006,地产行业健康养老服务方案,平安健康&地产服务方案1216.pdf,11,07_售前材料规范与素材库/assets/PRESALE006/PRESALE006_A0022.jpeg,149,52,icon_or_logo|medical_service|互联网医疗|客户方案|服务流程,#0a0000|#0d0000|#0b0000|#0e0000|#0f0000,用于能力模块、流程节点、客户/生态标识,"稀缺性医养资源：提供线上+线下全方位专业医疗服务 3 4 在线， 响应， 随时问 平安健康上千名 ， 主 治及 以上级别 复杂病情帮选诊室,一键同步病情， 即时问诊， 提供专病【专业】 咨询 自建加多点执业医生团队， 约5万名医生， 平均10+ 年 资， 主治及以上级别 围绕8大专科， 建立了23个专病中心 60秒内响应， 7*24小时在线， 实时开电子处方"
PRESALE006_A0023,图标/Logo,PRESALE006,地产行业健康养老服务方案,平安健康&地产服务方案1216.pdf,11,07_售前材料规范与素材库/assets/PRESALE006/PRESALE006_A0023.jpeg,209,58,icon_or_logo|medical_service|互联网医疗|客户方案|服务流程,#0d0000|#0b0000|#0f0000|#0a0000|#100000,用于能力模块、流程节点、客户/生态标识,"稀缺性医养资源：提供线上+线下全方位专业医疗服务 3 4 在线， 响应， 随时问 平安健康上千名 ， 主 治及 以上级别 复杂病情帮选诊室,一键同步病情， 即时问诊， 提供专病【专业】 咨询 自建加多点执业医生团队， 约5万名医生， 平均10+ 年 资， 主治及以上级别 围绕8大专科， 建立了23个专病中心 60秒内响应， 7*24小时在线， 实时开电子处方"
PRESALE006_A0024,图标/Logo,PRESALE006,地产行业健康养老服务方案,平安健康&地产服务方案1216.pdf,11,07_售前材料规范与素材库/assets/PRESALE006/PRESALE006_A0024.jpeg,199,57,icon_or_logo|medical_service|互联网医疗|客户方案|服务流程,#0a0000|#0c0000|#0b0000|#0f0000|#100000,用于能力模块、流程节点、客户/生态标识,"稀缺性医养资源：提供线上+线下全方位专业医疗服务 3 4 在线， 响应， 随时问 平安健康上千名 ， 主 治及 以上级别 复杂病情帮选诊室,一键同步病情， 即时问诊， 提供专病【专业】 咨询 自建加多点执业医生团队， 约5万名医生， 平均10+ 年 资， 主治及以上级别 围绕8大专科， 建立了23个专病中心 60秒内响应， 7*24小时在线， 实时开电子处方"
PRESALE006_A0025,图标/Logo,PRESALE006,地产行业健康养老服务方案,平安健康&地产服务方案1216.pdf,11,07_售前材料规范与素材库/assets/PRESALE006/PRESALE006_A0025.jpeg,201,57,icon_or_logo|medical_service|互联网医疗|客户方案|服务流程,#110000|#0a0000|#0c0000|#0f0000|#1a0000,用于能力模块、流程节点、客户/生态标识,"稀缺性医养资源：提供线上+线下全方位专业医疗服务 3 4 在线， 响应， 随时问 平安健康上千名 ， 主 治及 以上级别 复杂病情帮选诊室,一键同步病情， 即时问诊， 提供专病【专业】 咨询 自建加多点执业医生团队， 约5万名医生， 平均10+ 年 资， 主治及以上级别 围绕8大专科， 建立了23个专病中心 60秒内响应， 7*24小时在线， 实时开电子处方"
PRESALE006_A0026,图标/Logo,PRESALE006,地产行业健康养老服务方案,平安健康&地产服务方案1216.pdf,11,07_售前材料规范与素材库/assets/PRESALE006/PRESALE006_A0026.jpeg,103,57,icon_or_logo|medical_service|互联网医疗|客户方案|服务流程,#0b0000|#0a0000|#0d0000|#0e0000|#0f0000,用于能力模块、流程节点、客户/生态标识,"稀缺性医养资源：提供线上+线下全方位专业医疗服务 3 4 在线， 响应， 随时问 平安健康上千名 ， 主 治及 以上级别 复杂病情帮选诊室,一键同步病情， 即时问诊， 提供专病【专业】 咨询 自建加多点执业医生团队， 约5万名医生， 平均10+ 年 资， 主治及以上级别 围绕8大专科， 建立了23个专病中心 60秒内响应， 7*24小时在线， 实时开电子处方"
PRESALE006_A0054,图标/Logo,PRESALE006,地产行业健康养老服务方案,平安健康&地产服务方案1216.pdf,17,07_售前材料规范与素材库/assets/PRESALE006/PRESALE006_A0054.jpeg,133,53,icon_or_logo|medical_service|养老|客户方案|智能硬件|服务流程,,用于能力模块、流程节点、客户/生态标识,远离子女… 不懂客户偏好 服务安排不周 体能每况愈下 身 体 不 适 … 亲朋渐行渐远 独 自 生 活 … 远离至亲无助 孤 独 无 助 … 病急易乱投医 胡 乱 用 药 … 独居出事… 社会价值丧失 遭 人 冷 漠 … 护工欺凌无奈 受 人 欺 凌 … 健康阶段 自理阶段 半自理阶段 失能失智阶段 子女无暇照顾 92%客户没有家庭医生 40%老人常年很少出
PRESALE006_A0067,横幅/装饰条,PRESALE006,地产行业健康养老服务方案,平安健康&地产服务方案1216.pdf,17,07_售前材料规范与素材库/assets/PRESALE006/PRESALE006_A0067.jpeg,657,154,banner_or_strip|medical_service|养老|客户方案|智能硬件|服务流程,#e86008|#0f0b05|#e96008|#e85e06|#403224,用于封面副视觉、章节页装饰、平安橙强调带,远离子女… 不懂客户偏好 服务安排不周 体能每况愈下 身 体 不 适 … 亲朋渐行渐远 独 自 生 活 … 远离至亲无助 孤 独 无 助 … 病急易乱投医 胡 乱 用 药 … 独居出事… 社会价值丧失 遭 人 冷 漠 … 护工欺凌无奈 受 人 欺 凌 … 健康阶段 自理阶段 半自理阶段 失能失智阶段 子女无暇照顾 92%客户没有家庭医生 40%老人常年很少出
PRESALE006_A0073,整页/大图版式参考,PRESALE006,地产行业健康养老服务方案,平安健康&地产服务方案1216.pdf,18,07_售前材料规范与素材库/assets/PRESALE006/PRESALE006_A0073.jpeg,1280,800,layout_reference|medical_service|page_background_or_full_slide|smart_device|互联网医疗|企业健康|养老|客户方案|智能硬件|服务流程,#f9f6ef|#24a6f1|#c2e0c6|#c1dfc5|#fbfbf8,用于复刻售前页版式、复杂表格或流程图布局参考,18 养老音箱 智能手表 睡眠监测垫 血压计 生命体征监测仪 血糖仪 数据采集：家庭健康监测设备 数据分析：健康管理服务 日 常 使 用 主 动 服 务 线 下 服 务 家 人 共 享 家庭医生服务 问诊服务 问诊 方案 家庭医生服务 随访计划(主动) 随访 方案 就医安排 门诊预约协助 陪诊 其他线下服务 家庭医生服务 最多6人共享服务分别建档 ①聚焦康养
PRESALE006_A0086,图标/Logo,PRESALE006,地产行业健康养老服务方案,平安健康&地产服务方案1216.pdf,20,07_售前材料规范与素材库/assets/PRESALE006/PRESALE006_A0086.jpeg,1060,65,case_reference|icon_or_logo|medical_service|service_flow|养老|客户方案|服务流程,#ffcfaf|#dcb39a|#ffd2b2|#d8b096|#ffd1b3,用于能力模块、流程节点、客户/生态标识,20 用户案例：家庭医生贯穿疾病咨询、紧急救助、住院安排、术后康复指导全流程 基础信息 姓名： 年龄： 性别： 夏先生 70岁 男 紧急呼救，及时介入，把握黄金救援时间 紧急情况下快速响应 平安家庭医生通过查询老人的过往病史，结合症状迅速判断可能是心肌梗死。这种快速诊断能力为后续的救治争取了宝贵时间。 迅速联系医院与安排救治 家庭医生在不到10分钟内联系到符
PRESALE006_A0090,横幅/装饰条,PRESALE006,地产行业健康养老服务方案,平安健康&地产服务方案1216.pdf,22,07_售前材料规范与素材库/assets/PRESALE006/PRESALE006_A0090.jpeg,900,213,banner_or_strip|medical_service|product_package|real_estate_scene|service_flow|互联网医疗|服务流程,#726fca|#7d69be|#7965ba|#726cc6|#776ec9,用于封面副视觉、章节页装饰、平安橙强调带,22 权益卖点：家的温度，从守护健康开始 • 从挂号预约到住院安排，从陪 诊陪护到流程指引，我们把“麻 烦事”扛过来。在招商，家不只 是睡觉的地方，更是坚强后盾， 让就医少点焦虑，多点踏实 • 住在这里，不必为头疼脑热跑 医院，无限次图文问诊随叫随 到，像给家安了个“24小时家庭 医生站”，阳台晒着太阳就能问 诊，把省下的时间留给家人 • 好房子既要容身，更
PRESALE006_A0099,整页/大图版式参考,PRESALE006,地产行业健康养老服务方案,平安健康&地产服务方案1216.pdf,23,07_售前材料规范与素材库/assets/PRESALE006/PRESALE006_A0099.jpeg,922,491,case_reference|layout_reference|medical_service|operator_solution|page_background_or_full_slide|real_estate_scene|smart_device|互联网医疗|养老|客户方案|智能硬件|服务流程,#bebebe|#141414|#9a9a9a|#828282|#cecece,用于复刻售前页版式、复杂表格或流程图布局参考,23 行业案例：天保基建通过引入平安健康的服务体系，两大板块多期小区，持续热销 均已售罄，天津地产行业销售速度排第一 天保基建是天津最大的城市运营商和地产开发商，着力打造“享未来”社区，双方一期在医疗健康 上深入合作，二期计划拓展养老生活服务场景 社区健康小屋：健康一 体机、眼底健康筛查、 骨密度检测等设备 中医问诊、按摩服务 达成效果：支持多期楼 盘销售，
PRESALE006_A0100,整页/大图版式参考,PRESALE006,地产行业健康养老服务方案,平安健康&地产服务方案1216.pdf,23,07_售前材料规范与素材库/assets/PRESALE006/PRESALE006_A0100.jpeg,922,491,case_reference|layout_reference|medical_service|operator_solution|page_background_or_full_slide|real_estate_scene|smart_device|互联网医疗|养老|客户方案|智能硬件|服务流程,#101010|#b8b8b8|#a1a1a1|#828282|#cecece,用于复刻售前页版式、复杂表格或流程图布局参考,23 行业案例：天保基建通过引入平安健康的服务体系，两大板块多期小区，持续热销 均已售罄，天津地产行业销售速度排第一 天保基建是天津最大的城市运营商和地产开发商，着力打造“享未来”社区，双方一期在医疗健康 上深入合作，二期计划拓展养老生活服务场景 社区健康小屋：健康一 体机、眼底健康筛查、 骨密度检测等设备 中医问诊、按摩服务 达成效果：支持多期楼 盘销售，
PRESALE006_A0101,整页/大图版式参考,PRESALE006,地产行业健康养老服务方案,平安健康&地产服务方案1216.pdf,23,07_售前材料规范与素材库/assets/PRESALE006/PRESALE006_A0101.jpeg,922,491,case_reference|layout_reference|medical_service|operator_solution|page_background_or_full_slide|real_estate_scene|smart_device|互联网医疗|养老|客户方案|智能硬件|服务流程,#101010|#b8b8b8|#a1a1a1|#959595|#bdbdbd,用于复刻售前页版式、复杂表格或流程图布局参考,23 行业案例：天保基建通过引入平安健康的服务体系，两大板块多期小区，持续热销 均已售罄，天津地产行业销售速度排第一 天保基建是天津最大的城市运营商和地产开发商，着力打造“享未来”社区，双方一期在医疗健康 上深入合作，二期计划拓展养老生活服务场景 社区健康小屋：健康一 体机、眼底健康筛查、 骨密度检测等设备 中医问诊、按摩服务 达成效果：支持多期楼 盘销售，
PRESALE006_A0127,横幅/装饰条,PRESALE006,地产行业健康养老服务方案,平安健康&地产服务方案1216.pdf,29,07_售前材料规范与素材库/assets/PRESALE006/PRESALE006_A0127.jpeg,2000,294,banner_or_strip|medical_service|real_estate_scene|service_flow|smart_device|互联网医疗|智能硬件|服务流程,#0c0b0a|#0a0908|#0d0c0b|#0b0a09|#0f0d0c,用于封面副视觉、章节页装饰、平安橙强调带,29 医健设备推荐：数据、平台、医生服务链路闭环，为业主身体健康保驾护航 心率、血氧、血糖、 睡眠质量、体脂率… 用户基本信息、病史、 问诊记录… 专业数据解读、健康风 险测评、身体状况评估、 病情趋势分析… 日常行为提醒、健康知 识教育、健康计划制定、 问诊就医协助… 生活习惯改善、异常指 标缓解、就医支出降低、 生活质量提高… 监测 建档 评估 干预 改
PRESALE006_A0131,横幅/装饰条,PRESALE006,地产行业健康养老服务方案,平安健康&地产服务方案1216.pdf,31,07_售前材料规范与素材库/assets/PRESALE006/PRESALE006_A0131.jpeg,1051,280,banner_or_strip|product_package|real_estate_scene|service_flow|客户方案|服务流程,#ff6501|#0a0400|#0e0402|#1a0900|#140701,用于封面副视觉、章节页装饰、平安橙强调带,合作方式：覆盖地产商销售全过程售前-售中-售后，赋能楼盘销售、去化、运营 产品设计与宣传推广 ✔ 溢价利器： 健康权益包根据户型设计，提升房产价值 ✔ 流量磁石： 健康小屋+数据大屏打造网红打卡点，获客成 本降低 ✔ 信任基建： 「买房赠健康礼遇」话术转化率提升，缩短蓄 客周期 重构地产价值链，激活健康新动能 售前 售中 售后 医养服务嵌入购房流程 ✔ 高价
PRESALE006_A0132,横幅/装饰条,PRESALE006,地产行业健康养老服务方案,平安健康&地产服务方案1216.pdf,31,07_售前材料规范与素材库/assets/PRESALE006/PRESALE006_A0132.jpeg,1058,280,banner_or_strip|product_package|real_estate_scene|service_flow|客户方案|服务流程,#ff6501|#0a0400|#0e0402|#140701|#ff7113,用于封面副视觉、章节页装饰、平安橙强调带,合作方式：覆盖地产商销售全过程售前-售中-售后，赋能楼盘销售、去化、运营 产品设计与宣传推广 ✔ 溢价利器： 健康权益包根据户型设计，提升房产价值 ✔ 流量磁石： 健康小屋+数据大屏打造网红打卡点，获客成 本降低 ✔ 信任基建： 「买房赠健康礼遇」话术转化率提升，缩短蓄 客周期 重构地产价值链，激活健康新动能 售前 售中 售后 医养服务嵌入购房流程 ✔ 高价
PRESALE006_A0133,横幅/装饰条,PRESALE006,地产行业健康养老服务方案,平安健康&地产服务方案1216.pdf,31,07_售前材料规范与素材库/assets/PRESALE006/PRESALE006_A0133.jpeg,950,280,banner_or_strip|product_package|real_estate_scene|service_flow|客户方案|服务流程,#ff6501|#0b0500|#ff7113|#0e0402|#ff7010,用于封面副视觉、章节页装饰、平安橙强调带,合作方式：覆盖地产商销售全过程售前-售中-售后，赋能楼盘销售、去化、运营 产品设计与宣传推广 ✔ 溢价利器： 健康权益包根据户型设计，提升房产价值 ✔ 流量磁石： 健康小屋+数据大屏打造网红打卡点，获客成 本降低 ✔ 信任基建： 「买房赠健康礼遇」话术转化率提升，缩短蓄 客周期 重构地产价值链，激活健康新动能 售前 售中 售后 医养服务嵌入购房流程 ✔ 高价
PRESALE006_A0137,图标/Logo,PRESALE006,地产行业健康养老服务方案,平安健康&地产服务方案1216.pdf,32,07_售前材料规范与素材库/assets/PRESALE006/PRESALE006_A0137.jpeg,243,61,icon_or_logo,#f9ffff|#f8ffff|#fffaff|#fffff9|#f9fffa,用于能力模块、流程节点、客户/生态标识,谢谢！
PRESALE007_A0025,图标/Logo,PRESALE007,联通产品介绍及推广方案,平安健康产品介绍&方案交流-联通.pptx,1,07_售前材料规范与素材库/assets/PRESALE007/PRESALE007_A0025.jpeg,467,75,icon_or_logo|互联网医疗|客户方案,#ff8738|#ff8637|#ff8437|#ff8736|#ff8737,用于能力模块、流程节点、客户/生态标识,平安健康互联网医疗 产品介绍及推广方案
PRESALE007_A0031,图标/Logo,PRESALE007,联通产品介绍及推广方案,平安健康产品介绍&方案交流-联通.pptx,1,07_售前材料规范与素材库/assets/PRESALE007/PRESALE007_A0031.jpeg,378,75,icon_or_logo|互联网医疗|客户方案,#ff8738|#ff8637|#ff8437|#ff8736|#ff8836,用于能力模块、流程节点、客户/生态标识,平安健康互联网医疗 产品介绍及推广方案
PRESALE007_A0054,图标/Logo,PRESALE007,联通产品介绍及推广方案,平安健康产品介绍&方案交流-联通.pptx,1,07_售前材料规范与素材库/assets/PRESALE007/PRESALE007_A0054.jpeg,96,114,icon_or_logo|互联网医疗|客户方案,#242430|#23232f|#22222e|#1f1f2b|#282a37,用于能力模块、流程节点、客户/生态标识,平安健康互联网医疗 产品介绍及推广方案
PRESALE007_A0056,图标/Logo,PRESALE007,联通产品介绍及推广方案,平安健康产品介绍&方案交流-联通.pptx,1,07_售前材料规范与素材库/assets/PRESALE007/PRESALE007_A0056.jpeg,97,113,icon_or_logo|互联网医疗|客户方案,#272533|#282634|#262432|#292735|#2a2836,用于能力模块、流程节点、客户/生态标识,平安健康互联网医疗 产品介绍及推广方案
PRESALE007_A0064,图标/Logo,PRESALE007,联通产品介绍及推广方案,平安健康产品介绍&方案交流-联通.pptx,1,07_售前材料规范与素材库/assets/PRESALE007/PRESALE007_A0064.png,73,73,icon_or_logo|互联网医疗|客户方案,#ff6701|#ff6a01|#ff6801|#ff6900|#ff6b01,用于能力模块、流程节点、客户/生态标识,平安健康互联网医疗 产品介绍及推广方案
PRESALE007_A0065,图标/Logo,PRESALE007,联通产品介绍及推广方案,平安健康产品介绍&方案交流-联通.pptx,1,07_售前材料规范与素材库/assets/PRESALE007/PRESALE007_A0065.jpeg,73,73,icon_or_logo|互联网医疗|客户方案,#ff6700|#ff6800|#1d0000|#ff6900|#ff6600,用于能力模块、流程节点、客户/生态标识,平安健康互联网医疗 产品介绍及推广方案
PRESALE007_A0066,图标/Logo,PRESALE007,联通产品介绍及推广方案,平安健康产品介绍&方案交流-联通.pptx,1,07_售前材料规范与素材库/assets/PRESALE007/PRESALE007_A0066.png,73,73,icon_or_logo|互联网医疗|客户方案,#ff6701|#ff6d01|#ff6700|#ff6801|#ff6901,用于能力模块、流程节点、客户/生态标识,平安健康互联网医疗 产品介绍及推广方案
PRESALE007_A0067,图标/Logo,PRESALE007,联通产品介绍及推广方案,平安健康产品介绍&方案交流-联通.pptx,1,07_售前材料规范与素材库/assets/PRESALE007/PRESALE007_A0067.jpeg,73,73,icon_or_logo|互联网医疗|客户方案,#150000|#230000|#160000|#0d0000|#180000,用于能力模块、流程节点、客户/生态标识,平安健康互联网医疗 产品介绍及推广方案
PRESALE007_A0019,整页/大图版式参考,PRESALE007,联通产品介绍及推广方案,平安健康产品介绍&方案交流-联通.pptx,1,07_售前材料规范与素材库/assets/PRESALE007/PRESALE007_A0019.jpeg,1080,719,layout_reference|page_background_or_full_slide|互联网医疗|客户方案,#d4d5c3|#d7d6c4|#d5d6c4|#d3d4c2|#d5d7c9,用于复刻售前页版式、复杂表格或流程图布局参考,平安健康互联网医疗 产品介绍及推广方案
PRESALE007_A0037,整页/大图版式参考,PRESALE007,联通产品介绍及推广方案,平安健康产品介绍&方案交流-联通.pptx,1,07_售前材料规范与素材库/assets/PRESALE007/PRESALE007_A0037.jpeg,1280,718,layout_reference|page_background_or_full_slide|互联网医疗|客户方案,#1d1d1d|#3b3b3b|#272727|#454545|#4e4e4e,用于复刻售前页版式、复杂表格或流程图布局参考,平安健康互联网医疗 产品介绍及推广方案
PRESALE007_A0038,整页/大图版式参考,PRESALE007,联通产品介绍及推广方案,平安健康产品介绍&方案交流-联通.pptx,1,07_售前材料规范与素材库/assets/PRESALE007/PRESALE007_A0038.jpeg,1920,1109,layout_reference|page_background_or_full_slide|互联网医疗|客户方案,#fe0000|#690303|#ff0000|#d3702f|#ce621a,用于复刻售前页版式、复杂表格或流程图布局参考,平安健康互联网医疗 产品介绍及推广方案
PRESALE007_A0063,整页/大图版式参考,PRESALE007,联通产品介绍及推广方案,平安健康产品介绍&方案交流-联通.pptx,1,07_售前材料规范与素材库/assets/PRESALE007/PRESALE007_A0063.jpeg,1280,720,layout_reference|page_background_or_full_slide|互联网医疗|客户方案,#505050|#515151|#525252|#4f4f4f|#565656,用于复刻售前页版式、复杂表格或流程图布局参考,平安健康互联网医疗 产品介绍及推广方案
PRESALE007_A0070,整页/大图版式参考,PRESALE007,联通产品介绍及推广方案,平安健康产品介绍&方案交流-联通.pptx,1,07_售前材料规范与素材库/assets/PRESALE007/PRESALE007_A0070.jpeg,1278,719,layout_reference|page_background_or_full_slide|互联网医疗|客户方案,#f9f0eb|#f8efea|#fcf3ee|#fbf2ed|#fffcf7,用于复刻售前页版式、复杂表格或流程图布局参考,平安健康互联网医疗 产品介绍及推广方案
PRESALE007_A0086,整页/大图版式参考,PRESALE007,联通产品介绍及推广方案,平安健康产品介绍&方案交流-联通.pptx,1,07_售前材料规范与素材库/assets/PRESALE007/PRESALE007_A0086.jpeg,1275,721,layout_reference|page_background_or_full_slide|互联网医疗|客户方案,#006da5|#b5bdbf|#8699a7|#627697|#b9c1c3,用于复刻售前页版式、复杂表格或流程图布局参考,平安健康互联网医疗 产品介绍及推广方案
PRESALE007_A0018,横幅/装饰条,PRESALE007,联通产品介绍及推广方案,平安健康产品介绍&方案交流-联通.pptx,1,07_售前材料规范与素材库/assets/PRESALE007/PRESALE007_A0018.jpeg,1134,360,banner_or_strip|互联网医疗|客户方案|平安橙,#f6f6f6|#fafafa|#f9f9f9|#f7f7f7|#f8f8f8,用于封面副视觉、章节页装饰、平安橙强调带,平安健康互联网医疗 产品介绍及推广方案
PRESALE007_A0024,横幅/装饰条,PRESALE007,联通产品介绍及推广方案,平安健康产品介绍&方案交流-联通.pptx,1,07_售前材料规范与素材库/assets/PRESALE007/PRESALE007_A0024.jpeg,584,191,banner_or_strip|互联网医疗|客户方案,#ff8637|#ff8738|#fe8637|#fe8537|#ff8737,用于封面副视觉、章节页装饰、平安橙强调带,平安健康互联网医疗 产品介绍及推广方案
PRESALE007_A0039,横幅/装饰条,PRESALE007,联通产品介绍及推广方案,平安健康产品介绍&方案交流-联通.pptx,1,07_售前材料规范与素材库/assets/PRESALE007/PRESALE007_A0039.jpeg,821,197,banner_or_strip|互联网医疗|客户方案,,用于封面副视觉、章节页装饰、平安橙强调带,平安健康互联网医疗 产品介绍及推广方案
PRESALE007_A0057,横幅/装饰条,PRESALE007,联通产品介绍及推广方案,平安健康产品介绍&方案交流-联通.pptx,1,07_售前材料规范与素材库/assets/PRESALE007/PRESALE007_A0057.png,2641,213,banner_or_strip|互联网医疗|客户方案,#e9e9e9|#d9d9d9|#dbdbdb|#dddddd|#dfdfdf,用于封面副视觉、章节页装饰、平安橙强调带,平安健康互联网医疗 产品介绍及推广方案
PRESALE007_A0087,横幅/装饰条,PRESALE007,联通产品介绍及推广方案,平安健康产品介绍&方案交流-联通.pptx,1,07_售前材料规范与素材库/assets/PRESALE007/PRESALE007_A0087.jpeg,2860,175,banner_or_strip|互联网医疗|客户方案,#f1f1f1|#f6f6f6|#f9f9f9|#f2f2f2|#fafafa,用于封面副视觉、章节页装饰、平安橙强调带,平安健康互联网医疗 产品介绍及推广方案
PRESALE008_A0002,整页/大图版式参考,PRESALE008,企业合作方案V2,平安健康企业合作方案V2.pdf,1,07_售前材料规范与素材库/assets/PRESALE008/PRESALE008_A0002.jpeg,1280,720,layout_reference|page_background_or_full_slide|企业健康|客户方案,#da6134|#d96033|#db6235|#d75e31|#c84f24,用于复刻售前页版式、复杂表格或流程图布局参考,平安健康企业合作方案
PRESALE008_A0004,横幅/装饰条,PRESALE008,企业合作方案V2,平安健康企业合作方案V2.pdf,2,07_售前材料规范与素材库/assets/PRESALE008/PRESALE008_A0004.jpeg,1995,390,banner_or_strip|case_reference|product_package|客户方案|平安橙|服务流程,#fafbfd|#f6fafb|#f9fafc|#d8e5eb|#f4f8fb,用于封面副视觉、章节页装饰、平安橙强调带,2 目录CONTENTS 01 平安健康公司介绍 02 平安健康服务能力介绍 03 平安健康会员产品介绍 03 客户案例介绍
PRESALE008_A0005,整页/大图版式参考,PRESALE008,企业合作方案V2,平安健康企业合作方案V2.pdf,3,07_售前材料规范与素材库/assets/PRESALE008/PRESALE008_A0005.jpeg,1080,720,layout_reference|medical_service|page_background_or_full_slide|product_package|互联网医疗|企业健康|养老|客户方案|平安橙|服务流程|补充医疗,#f9fafc|#fafbfd|#f6fafb|#f4f8fb|#f0f5f8,用于复刻售前页版式、复杂表格或流程图布局参考,2014.08 平安健康互联网股份有限公司注册成立 2015.04 APP客户端正式发布 2016.12 累计注册用户数突破1亿 2018.05 公司在香港交易所上市 2021.01 平安好医生APP正式更名为“平安健康” 2021.06 累计注册用户数突破4亿 2021.10 融合管理式医疗、家庭医生会员制与O2O 医疗健康服务三大模式， 深化战略升级 2
PRESALE008_A0006,整页/大图版式参考,PRESALE008,企业合作方案V2,平安健康企业合作方案V2.pdf,3,07_售前材料规范与素材库/assets/PRESALE008/PRESALE008_A0006.jpeg,1280,720,layout_reference|medical_service|page_background_or_full_slide|product_package|互联网医疗|企业健康|养老|客户方案|服务流程|补充医疗,#b9b9b9|#bcbcbc|#bfbfbf|#b6b6b6|#b0b0b0,用于复刻售前页版式、复杂表格或流程图布局参考,2014.08 平安健康互联网股份有限公司注册成立 2015.04 APP客户端正式发布 2016.12 累计注册用户数突破1亿 2018.05 公司在香港交易所上市 2021.01 平安好医生APP正式更名为“平安健康” 2021.06 累计注册用户数突破4亿 2021.10 融合管理式医疗、家庭医生会员制与O2O 医疗健康服务三大模式， 深化战略升级 2
PRESALE008_A0088,横幅/装饰条,PRESALE008,企业合作方案V2,平安健康企业合作方案V2.pdf,11,07_售前材料规范与素材库/assets/PRESALE008/PRESALE008_A0088.jpeg,1168,98,banner_or_strip|medical_service|养老|服务流程,#f97f3c|#fb8942|#fb8640|#f87b39|#f97c3a,用于封面副视觉、章节页装饰、平安橙强调带,④就医协助—线下就医类型全覆盖， 提供【便捷】 就医服务 16 服务反馈时效 服务反馈时效 服务反馈时效 服务反馈时效 服务反馈时效 服务反馈时效 24/48小时 24小时 24小时 24/48小时 24小时 24小时 完成时效 完成时效 完成时效 完成时效 完成时效 完成时效 ≤T+1~4个工作日内 预约后24小时安排陪诊 自建陪诊团队 • 普通项目≤3个
PRESALE008_A0110,横幅/装饰条,PRESALE008,企业合作方案V2,平安健康企业合作方案V2.pdf,12,07_售前材料规范与素材库/assets/PRESALE008/PRESALE008_A0110.jpeg,1985,92,banner_or_strip|medical_service|服务流程,#ac4018|#bf4a20|#b7471c|#c74e22|#a03813,用于封面副视觉、章节页装饰、平安橙强调带,AI数字人名医：“科技关怀健康”，赋能多场景交互 语音唤起全 屋助手 调起特定AI 名医 语音咨询健 康问题 手动查看健 康看板 点击咨询医 生 语音咨询健 康问题 一、语音端交互 二、屏幕端交互 一站式闭环 体检报告解读 线下挂该名医专家号 陪诊、就医协助服务 数字人+语音+图片多模交互 名医肖像/声音授权，拟真人交互、支持 终端拍摄检验单自动识别 三甲院
PRESALE008_A0119,图标/Logo,PRESALE008,企业合作方案V2,平安健康企业合作方案V2.pdf,14,07_售前材料规范与素材库/assets/PRESALE008/PRESALE008_A0119.jpeg,1100,45,icon_or_logo|养老|客户方案|智能硬件|服务流程|补充医疗,#f1f1f1|#d6d6d6|#101010|#0e0e0e|#d7d7d7,用于能力模块、流程节点、客户/生态标识,居家养老服务能力：以三位一体管家为核心，提供十维服务，并建立服务监督平台， 保障服务品质 提供10维600+服务，重点发展护、助、 乐、 医四联体 70+项服务 • 全科咨询 • 专家会诊 • … 20+项服务 • 营养管理 • 厨师上门 • … 150+项服务 • 系统预警响应 • 智能安全监控 • … 20+项服务 • 健康活动方案 • 家庭器械训练 •
PRESALE008_A0174,图标/Logo,PRESALE008,企业合作方案V2,平安健康企业合作方案V2.pdf,21,07_售前材料规范与素材库/assets/PRESALE008/PRESALE008_A0174.jpeg,86,645,icon_or_logo|medical_service|product_package|互联网医疗|企业健康|养老|客户方案|服务流程,#3f3f3f|#3e3e3e|#3d3d3d|#363636|#404040,用于能力模块、流程节点、客户/生态标识,21 注：1、特医特药：质子重离子、非治疗性康复器具等特殊医疗，以及进口&靶向药等特殊药品咨询服务；2、员工需在限定期内完成服务选择 个人会员：平安家医专属服务6项 + 自选服务3项，覆盖医健刚需特色服务 自选服务-10项选3项2 权益特色 - 7*24问诊 - 健康档案 - 报告解读 - 寻医导诊 - 特医特药1 - 全球找药 平安家医 + 门诊预约协助1
PRESALE008_A0175,图标/Logo,PRESALE008,企业合作方案V2,平安健康企业合作方案V2.pdf,21,07_售前材料规范与素材库/assets/PRESALE008/PRESALE008_A0175.jpeg,74,557,icon_or_logo|medical_service|product_package|互联网医疗|企业健康|养老|客户方案|服务流程,#131313|#121212|#111111|#101010|#0f0f0f,用于能力模块、流程节点、客户/生态标识,21 注：1、特医特药：质子重离子、非治疗性康复器具等特殊医疗，以及进口&靶向药等特殊药品咨询服务；2、员工需在限定期内完成服务选择 个人会员：平安家医专属服务6项 + 自选服务3项，覆盖医健刚需特色服务 自选服务-10项选3项2 权益特色 - 7*24问诊 - 健康档案 - 报告解读 - 寻医导诊 - 特医特药1 - 全球找药 平安家医 + 门诊预约协助1
PRESALE008_A0177,图标/Logo,PRESALE008,企业合作方案V2,平安健康企业合作方案V2.pdf,22,07_售前材料规范与素材库/assets/PRESALE008/PRESALE008_A0177.jpeg,86,645,icon_or_logo|medical_service|product_package|互联网医疗|企业健康|养老|客户方案|服务流程,#3f3f3f|#3d3d3d|#3e3e3e|#383838|#373737,用于能力模块、流程节点、客户/生态标识,22 注：1、特医特药：质子重离子、非治疗性康复器具等特殊医疗，以及进口&靶向药等特殊药品咨询服务；2、员工需在限定期内完成服务选择 家庭会员：平安家医专属服务6项 + 自选服务5项，支持家属共享 自选服务-10项选5项2 权益特色 人群 平安家医 门诊预约协助1次 住院安排协助1次 专人1V1陪诊服务1次 居家快检专治 (五选一)1份 减重/控糖/控压服务
PRESALE008_A0179,图标/Logo,PRESALE008,企业合作方案V2,平安健康企业合作方案V2.pdf,23,07_售前材料规范与素材库/assets/PRESALE008/PRESALE008_A0179.jpeg,86,645,icon_or_logo|medical_service|product_package|互联网医疗|企业健康|养老|客户方案|智能硬件|服务流程,#3f3f3f|#3d3d3d|#3e3e3e|#383838|#373737,用于能力模块、流程节点、客户/生态标识,23 注：1、特医特药：质子重离子、非治疗性康复器具等特殊医疗，以及进口&靶向药等特殊药品咨询服务；2、员工需在限定期内完成服务选择 尊享会员：平安家医专属服务6项 + 自选服务7项，赠送特色开卡礼 自选服务-10项选7项2 权益特色 人群 - 7*24问诊 - 健康档案 - 报告解读 - 寻医导诊 - 特医特药1 - 全球找药 平安家医 特色开卡礼 （二选
PRESALE008_A0193,整页/大图版式参考,PRESALE008,企业合作方案V2,平安健康企业合作方案V2.pdf,26,07_售前材料规范与素材库/assets/PRESALE008/PRESALE008_A0193.jpeg,1280,800,case_reference|layout_reference|medical_service|page_background_or_full_slide|smart_device|互联网医疗|企业健康|养老|客户方案|智能硬件|服务流程,#12a9e0|#4b1897|#4d1997|#410f7e|#10a5df,用于复刻售前页版式、复杂表格或流程图布局参考,26 客户案例：某头部汽车民企为退休员工采购智能音箱搭载平安医养应用 语音 交互 影音 娱乐 养老 服务 家庭 医生 • 足不出户享受家庭医生问诊开药 • 科学指导居家慢病管理、康复治 疗 • 链接优质线下体检、就医资源 医疗健康 • 大屏交互适老设计体验好 （建议8寸音箱），支持一 键投屏电视 • 专为老人设计的丰富内容资 源 乐享生活 • 提供“医食住行
PRESALE008_A0199,移动端/履约截图,PRESALE008,企业合作方案V2,平安健康企业合作方案V2.pdf,27,07_售前材料规范与素材库/assets/PRESALE008/PRESALE008_A0199.jpeg,439,963,mobile_ui_screenshot|operator_solution|photo_or_illustration|product_package|service_flow|互联网医疗|企业健康|客户方案|服务流程,#f5f5f3|#f8f8f8|#f6f6ff|#467f82|#f1f6fa,展示APP、小程序、权益领取、履约路径或客户侧页面,27 平安健康以权益赠送的模式为运营商用户提供在线健康服务权益，用户在运营商APP全球 通专区领取权益后，登录平安健康APP或小程序进行服务履约。全年共有约80万全球通用户领 取了平安健康尊享礼遇权益 合作背景 合作内容 2020年12月，运营商为了重新塑造全球通的高端品牌形象，提升品牌知名度与用户满意度， 从产品附加值的差异化竞争角度出发，同时基于疫情防控
PRESALE008_A0200,移动端/履约截图,PRESALE008,企业合作方案V2,平安健康企业合作方案V2.pdf,27,07_售前材料规范与素材库/assets/PRESALE008/PRESALE008_A0200.jpeg,333,690,mobile_ui_screenshot|operator_solution|photo_or_illustration|product_package|service_flow|互联网医疗|企业健康|客户方案|服务流程,#1e1f23|#333237|#1d1e22|#373739|#1f2024,展示APP、小程序、权益领取、履约路径或客户侧页面,27 平安健康以权益赠送的模式为运营商用户提供在线健康服务权益，用户在运营商APP全球 通专区领取权益后，登录平安健康APP或小程序进行服务履约。全年共有约80万全球通用户领 取了平安健康尊享礼遇权益 合作背景 合作内容 2020年12月，运营商为了重新塑造全球通的高端品牌形象，提升品牌知名度与用户满意度， 从产品附加值的差异化竞争角度出发，同时基于疫情防控
PRESALE008_A0201,移动端/履约截图,PRESALE008,企业合作方案V2,平安健康企业合作方案V2.pdf,27,07_售前材料规范与素材库/assets/PRESALE008/PRESALE008_A0201.jpeg,388,850,mobile_ui_screenshot|operator_solution|photo_or_illustration|product_package|service_flow|互联网医疗|企业健康|客户方案|服务流程,#f5f5f5|#f8f8f8|#f2f8fd|#f8f9f9|#f6f6ff,展示APP、小程序、权益领取、履约路径或客户侧页面,27 平安健康以权益赠送的模式为运营商用户提供在线健康服务权益，用户在运营商APP全球 通专区领取权益后，登录平安健康APP或小程序进行服务履约。全年共有约80万全球通用户领 取了平安健康尊享礼遇权益 合作背景 合作内容 2020年12月，运营商为了重新塑造全球通的高端品牌形象，提升品牌知名度与用户满意度， 从产品附加值的差异化竞争角度出发，同时基于疫情防控
PRESALE008_A0202,移动端/履约截图,PRESALE008,企业合作方案V2,平安健康企业合作方案V2.pdf,27,07_售前材料规范与素材库/assets/PRESALE008/PRESALE008_A0202.jpeg,591,1221,mobile_ui_screenshot|operator_solution|photo_or_illustration|product_package|service_flow|互联网医疗|企业健康|客户方案|平安橙|服务流程,#fafafa|#f4f4f4|#f3f3f3|#f4f7ff|#e8ecef,展示APP、小程序、权益领取、履约路径或客户侧页面,27 平安健康以权益赠送的模式为运营商用户提供在线健康服务权益，用户在运营商APP全球 通专区领取权益后，登录平安健康APP或小程序进行服务履约。全年共有约80万全球通用户领 取了平安健康尊享礼遇权益 合作背景 合作内容 2020年12月，运营商为了重新塑造全球通的高端品牌形象，提升品牌知名度与用户满意度， 从产品附加值的差异化竞争角度出发，同时基于疫情防控
PRESALE008_A0212,整页/大图版式参考,PRESALE008,企业合作方案V2,平安健康企业合作方案V2.pdf,29,07_售前材料规范与素材库/assets/PRESALE008/PRESALE008_A0212.jpeg,1062,720,layout_reference|page_background_or_full_slide|客户方案,#0f0f0f|#131313|#161616|#191919|#1c1c1c,用于复刻售前页版式、复杂表格或流程图布局参考,打造用户健康综合解决方案 让每一位用户拥有平安健康
PRESALE009_A0010,图标/Logo,PRESALE009,智能硬件招商V2,智能硬件-招商V2.pdf,2,07_售前材料规范与素材库/assets/PRESALE009/PRESALE009_A0010.jpeg,589,68,icon_or_logo|medical_service|smart_device|互联网医疗|企业健康|养老|客户方案|智能硬件,#f8b9a7|#bfa29b|#958683|#867c79|#a4908c,用于能力模块、流程节点、客户/生态标识,2 日常慢病管理 • 家医定期随访 • 用药提醒+预警 • 慢病管理报告 生命体征监测仪 血压计 血糖仪 ... 居家健康管理：多类设备数据汇聚IoT平台，家庭医生/管家主动守护用户健康/安全 日常健康监测 居家突发急救 智能音箱 睡眠监测垫 • 家医在线问诊 • 专属健康档案 • 异常指标预警 烟雾报警 器 紧急拉绳 水浸传感 器 门窗传感 器 跌倒检测器
PRESALE009_A0013,图标/Logo,PRESALE009,智能硬件招商V2,智能硬件-招商V2.pdf,2,07_售前材料规范与素材库/assets/PRESALE009/PRESALE009_A0013.jpeg,589,68,icon_or_logo|medical_service|smart_device|互联网医疗|企业健康|养老|客户方案|智能硬件,#f8b9a7|#bfa29b|#958683|#867c79|#a4908c,用于能力模块、流程节点、客户/生态标识,2 日常慢病管理 • 家医定期随访 • 用药提醒+预警 • 慢病管理报告 生命体征监测仪 血压计 血糖仪 ... 居家健康管理：多类设备数据汇聚IoT平台，家庭医生/管家主动守护用户健康/安全 日常健康监测 居家突发急救 智能音箱 睡眠监测垫 • 家医在线问诊 • 专属健康档案 • 异常指标预警 烟雾报警 器 紧急拉绳 水浸传感 器 门窗传感 器 跌倒检测器
PRESALE009_A0014,图标/Logo,PRESALE009,智能硬件招商V2,智能硬件-招商V2.pdf,2,07_售前材料规范与素材库/assets/PRESALE009/PRESALE009_A0014.jpeg,589,68,icon_or_logo|medical_service|smart_device|互联网医疗|企业健康|养老|客户方案|智能硬件,#f8b9a7|#bfa29b|#958683|#867c79|#a4908c,用于能力模块、流程节点、客户/生态标识,2 日常慢病管理 • 家医定期随访 • 用药提醒+预警 • 慢病管理报告 生命体征监测仪 血压计 血糖仪 ... 居家健康管理：多类设备数据汇聚IoT平台，家庭医生/管家主动守护用户健康/安全 日常健康监测 居家突发急救 智能音箱 睡眠监测垫 • 家医在线问诊 • 专属健康档案 • 异常指标预警 烟雾报警 器 紧急拉绳 水浸传感 器 门窗传感 器 跌倒检测器
PRESALE009_A0062,横幅/装饰条,PRESALE009,智能硬件招商V2,智能硬件-招商V2.pdf,3,07_售前材料规范与素材库/assets/PRESALE009/PRESALE009_A0062.jpeg,615,174,banner_or_strip|medical_service|real_estate_scene|smart_device|养老|客户方案|智能硬件,#f15721|#e8521d|#ed561f|#eb541f|#ea531e,用于封面副视觉、章节页装饰、平安橙强调带,3 一键连通家庭医生及 物业管家 一步连接客户需求 一站联动智能设备 长者&子女 智能音箱：作为中枢平台，连接物业管家、业主、家庭医生及各类智能设备 远程管家 智能音箱
PRESALE009_A0063,横幅/装饰条,PRESALE009,智能硬件招商V2,智能硬件-招商V2.pdf,3,07_售前材料规范与素材库/assets/PRESALE009/PRESALE009_A0063.jpeg,615,174,banner_or_strip|medical_service|real_estate_scene|smart_device|养老|客户方案|智能硬件,#f15721|#e8521d|#ed561f|#ea531e|#e04d19,用于封面副视觉、章节页装饰、平安橙强调带,3 一键连通家庭医生及 物业管家 一步连接客户需求 一站联动智能设备 长者&子女 智能音箱：作为中枢平台，连接物业管家、业主、家庭医生及各类智能设备 远程管家 智能音箱
PRESALE009_A0064,横幅/装饰条,PRESALE009,智能硬件招商V2,智能硬件-招商V2.pdf,3,07_售前材料规范与素材库/assets/PRESALE009/PRESALE009_A0064.jpeg,615,174,banner_or_strip|medical_service|real_estate_scene|smart_device|养老|客户方案|智能硬件,#f15721|#e8521d|#ea531e|#ed561f|#eb541f,用于封面副视觉、章节页装饰、平安橙强调带,3 一键连通家庭医生及 物业管家 一步连接客户需求 一站联动智能设备 长者&子女 智能音箱：作为中枢平台，连接物业管家、业主、家庭医生及各类智能设备 远程管家 智能音箱
PRESALE009_A0080,整页/大图版式参考,PRESALE009,智能硬件招商V2,智能硬件-招商V2.pdf,4,07_售前材料规范与素材库/assets/PRESALE009/PRESALE009_A0080.jpeg,1280,800,layout_reference|medical_service|page_background_or_full_slide|smart_device|互联网医疗|养老|智能硬件,#ebeaf0|#fff4f8|#f8f6ff|#fff8ef|#edfbfc,用于复刻售前页版式、复杂表格或流程图布局参考,4 心率、血氧、血糖、 睡眠质量、体脂率… 用户基本信息、病史、 问诊记录… 专业数据解读、健康风 险测评、身体状况评估、 病情趋势分析… 日常行为提醒、健康知 识教育、健康计划制定、 问诊就医协助… 生活习惯改善、异常指 标缓解、就医支出降低、 生活质量提高… 监测 建档 评估 干预 改善 动态血压手表 平安存档所有硬件监测数据：构建完整个人健康档案，基于
PRESALE010_A0034,图标/Logo,PRESALE010,联通在线定制产品介绍,联通在线定制产品介绍.平安健康.pptx,1,07_售前材料规范与素材库/assets/PRESALE010/PRESALE010_A0034.png,688,80,icon_or_logo|operator_solution|product_package|互联网医疗|客户方案|服务流程,#d9d9d9|#dbdbdb|#dddddd|#dfdfdf|#e2e2e2,用于能力模块、流程节点、客户/生态标识,联通在线健康权益项目 平安健康医疗服务产品介绍
PRESALE010_A0136,整页/大图版式参考,PRESALE010,联通在线定制产品介绍,联通在线定制产品介绍.平安健康.pptx,1,07_售前材料规范与素材库/assets/PRESALE010/PRESALE010_A0136.jpeg,1265,747,layout_reference|operator_solution|page_background_or_full_slide|product_package|互联网医疗|客户方案|服务流程,#777779|#0c0c0c|#0f0f0f|#121212|#79797b,用于复刻售前页版式、复杂表格或流程图布局参考,联通在线健康权益项目 平安健康医疗服务产品介绍
PRESALE010_A0141,整页/大图版式参考,PRESALE010,联通在线定制产品介绍,联通在线定制产品介绍.平安健康.pptx,1,07_售前材料规范与素材库/assets/PRESALE010/PRESALE010_A0141.jpeg,1265,747,layout_reference|operator_solution|page_background_or_full_slide|product_package|互联网医疗|客户方案|服务流程,#7a777e|#787683|#958a88|#8a858b|#7b787f,用于复刻售前页版式、复杂表格或流程图布局参考,联通在线健康权益项目 平安健康医疗服务产品介绍
PRESALE010_A0033,横幅/装饰条,PRESALE010,联通在线定制产品介绍,联通在线定制产品介绍.平安健康.pptx,1,07_售前材料规范与素材库/assets/PRESALE010/PRESALE010_A0033.jpeg,3221,155,banner_or_strip|operator_solution|product_package|互联网医疗|客户方案|服务流程,#fe802c|#ff7e2a|#fe7213|#fe6e0e|#fd8d43,用于封面副视觉、章节页装饰、平安橙强调带,联通在线健康权益项目 平安健康医疗服务产品介绍
PRESALE010_A0043,横幅/装饰条,PRESALE010,联通在线定制产品介绍,联通在线定制产品介绍.平安健康.pptx,1,07_售前材料规范与素材库/assets/PRESALE010/PRESALE010_A0043.jpeg,3221,155,banner_or_strip|operator_solution|product_package|互联网医疗|客户方案|服务流程,#fe802c|#ff7e2a|#fe7213|#fe6e0e|#fd8d43,用于封面副视觉、章节页装饰、平安橙强调带,联通在线健康权益项目 平安健康医疗服务产品介绍
PRESALE010_A0045,横幅/装饰条,PRESALE010,联通在线定制产品介绍,联通在线定制产品介绍.平安健康.pptx,1,07_售前材料规范与素材库/assets/PRESALE010/PRESALE010_A0045.png,3819,103,banner_or_strip|operator_solution|product_package|互联网医疗|客户方案|服务流程,#ff6700|#ff6900|#c64c00|#c84d00|#ff6a00,用于封面副视觉、章节页装饰、平安橙强调带,联通在线健康权益项目 平安健康医疗服务产品介绍
PRESALE010_A0075,横幅/装饰条,PRESALE010,联通在线定制产品介绍,联通在线定制产品介绍.平安健康.pptx,1,07_售前材料规范与素材库/assets/PRESALE010/PRESALE010_A0075.png,816,125,banner_or_strip|operator_solution|product_package|互联网医疗|客户方案|服务流程,#1a1a1a|#272727|#202020|#161616|#1b1b1b,用于封面副视觉、章节页装饰、平安橙强调带,联通在线健康权益项目 平安健康医疗服务产品介绍
PRESALE010_A0101,横幅/装饰条,PRESALE010,联通在线定制产品介绍,联通在线定制产品介绍.平安健康.pptx,1,07_售前材料规范与素材库/assets/PRESALE010/PRESALE010_A0101.jpeg,1033,133,banner_or_strip|operator_solution|product_package|互联网医疗|客户方案|服务流程,#c13d0d|#c13f0e|#c23d0d|#c03e0e|#a5330f,用于封面副视觉、章节页装饰、平安橙强调带,联通在线健康权益项目 平安健康医疗服务产品介绍
PRESALE010_A0110,横幅/装饰条,PRESALE010,联通在线定制产品介绍,联通在线定制产品介绍.平安健康.pptx,1,07_售前材料规范与素材库/assets/PRESALE010/PRESALE010_A0110.jpeg,680,211,banner_or_strip|operator_solution|product_package|互联网医疗|客户方案|服务流程,#fbe6d5|#fce5d5|#fbe5d5|#fbe6d6|#fce6d6,用于封面副视觉、章节页装饰、平安橙强调带,联通在线健康权益项目 平安健康医疗服务产品介绍
PRESALE010_A0138,横幅/装饰条,PRESALE010,联通在线定制产品介绍,联通在线定制产品介绍.平安健康.pptx,1,07_售前材料规范与素材库/assets/PRESALE010/PRESALE010_A0138.jpeg,1011,187,banner_or_strip|operator_solution|product_package|互联网医疗|客户方案|平安橙|服务流程,#f05b23|#f05e2b|#ee5d26|#f15e28|#f0602b,用于封面副视觉、章节页装饰、平安橙强调带,联通在线健康权益项目 平安健康医疗服务产品介绍
PRESALE010_A0139,横幅/装饰条,PRESALE010,联通在线定制产品介绍,联通在线定制产品介绍.平安健康.pptx,1,07_售前材料规范与素材库/assets/PRESALE010/PRESALE010_A0139.jpeg,1011,187,banner_or_strip|operator_solution|product_package|互联网医疗|客户方案|平安橙|服务流程,#f05b23|#f05e2b|#ee5d26|#f15e28|#f0602b,用于封面副视觉、章节页装饰、平安橙强调带,联通在线健康权益项目 平安健康医疗服务产品介绍
